mca_preliminary_rank,company_name,latest_financial_year,total_wash_spend_crore,total_water_spend_crore,total_sanitation_spend_crore,states,nse_annual_report_status,bse_disclosure_status,csr_policy_status,brsr_status,latest_document_year,document_url,retrieved_on,ai_analysis_status
1,INDIAN OIL CORPORATION LIMITED,FY2024-25,258.82352944,99.458378301,159.365151139,"Andhra Pradesh, Arunachal Pradesh, Assam, Bihar, Chhattisgarh, Delhi, Gujarat, Haryana, Himachal Pradesh, Jammu And Kashmir, Jharkhand, Karnataka, Kerala, Madhya Pradesh, Maharashtra, Odisha, Pan India, Punjab, Rajasthan, Sikkim, Tamil Nadu, Telangana, Tripura, Uttar Pradesh, Uttarakhand, West Bengal",PENDING,PENDING,PENDING,PENDING,,,,PENDING
2,CENTRAL COALFIELDS LIMITED,FY2024-25,208.05112704,30.177458054,177.873668986,Jharkhand,PENDING,PENDING,PENDING,PENDING,,,,PENDING
3,GAIL (INDIA) LIMITED,FY2024-25,137.83501479,55.633826106,82.201188684,"Andhra Pradesh, Assam, Bihar, Chandigarh, Chhattisgarh, Delhi, Gujarat, Himachal Pradesh, Jharkhand, Karnataka, Kerala, Madhya Pradesh, Maharashtra, Odisha, Pan India, Puducherry, Rajasthan, Tamil Nadu, Telangana, Tripura, Uttar Pradesh, Uttarakhand, West Bengal",PENDING,PENDING,PENDING,PENDING,,,,PENDING
4,TATA STEEL LIMITED,FY2024-25,92.204949416,88.909293365,3.295656051,"Jharkhand, Maharashtra, Odisha, Pan India, West Bengal",PENDING,PENDING,PENDING,PENDING,,,,PENDING
5,POWER GRID CORPORATION OF INDIA LIMITED,FY2024-25,222.755022336,12.600568859,210.154453477,"Andhra Pradesh, Arunachal Pradesh, Assam, Bihar, Chhattisgarh, Delhi, Gujarat, Haryana, Himachal Pradesh, Jammu And Kashmir, Jharkhand, Karnataka, Kerala, Ladakh, Madhya Pradesh, Maharashtra, Manipur, Meghalaya, Mizoram, Odisha, Pan India, Punjab, Rajasthan, Sikkim, Tamil Nadu, Telangana, Uttar Pradesh, Uttarakhand, West Bengal",PENDING,PENDING,PENDING,PENDING,,,,PENDING
6,HINDUSTAN ZINC LIMITED,FY2024-25,52.0064905,50.7122059,1.2942846,Rajasthan,PENDING,PENDING,PENDING,PENDING,,,,PENDING
7,REC LIMITED,FY2024-25,158.46956459999998,10.1847863,148.2847783,"Andhra Pradesh, Bihar, Delhi, Haryana, Maharashtra, Pan India, Punjab, Rajasthan, Uttar Pradesh",PENDING,PENDING,PENDING,PENDING,,,,PENDING
8,NESTLE INDIA LIMITED,FY2024-25,53.2174952,26.7368053,26.4806899,"Haryana, Jharkhand, Nec/Not Mentioned, Pan India, Punjab, West Bengal",PENDING,PENDING,PENDING,PENDING,,,,PENDING
9,NATIONAL ALUMINIUM CO LTD,FY2024-25,56.4111155,18.8510609,37.5600546,"Andhra Pradesh, Odisha, Pan India",PENDING,PENDING,PENDING,PENDING,,,,PENDING
10,NORTHERN COALFIELDS LIMITED,FY2024-25,54.9524,21.1894,33.763,"Delhi, Madhya Pradesh, Maharashtra, Uttar Pradesh",PENDING,PENDING,PENDING,PENDING,,,,PENDING
11,DIVI'S LABORATORIES LIMITED,FY2024-25,38.7473758,38.022754,0.7246218,"Andhra Pradesh, Pan India, Telangana",PENDING,PENDING,PENDING,PENDING,,,,PENDING
12,NLC INDIA LIMITED,FY2024-25,49.107992109,17.674172109,31.43382,"Odisha, Rajasthan, Tamil Nadu",PENDING,PENDING,PENDING,PENDING,,,,PENDING
13,ICICI BANK LIMITED,FY2024-25,47.652288835,14.556654675,33.09563416,"Chhattisgarh, Madhya Pradesh, Pan India",PENDING,PENDING,PENDING,PENDING,,,,PENDING
14,ORACLE FINANCIAL SERVICES SOFTWARE LIMITED,FY2024-25,40.8193528,10.0,30.8193528,"Karnataka, Maharashtra, Pan India, Uttar Pradesh",PENDING,PENDING,PENDING,PENDING,,,,PENDING
15,SOUTH EASTERN COALFIELDS LIMITED,FY2024-25,93.0932,6.0504,87.0428,"Chhattisgarh, Madhya Pradesh, Pan India",PENDING,PENDING,PENDING,PENDING,,,,PENDING
16,BHARAT PETROLEUM CORPORATION LIMITED,FY2024-25,35.294701452,12.231538104,23.063163348,"Arunachal Pradesh, Assam, Bihar, Delhi, Gujarat, Jammu And Kashmir, Jharkhand, Karnataka, Kerala, Madhya Pradesh, Maharashtra, Odisha, Pan India, Punjab, Rajasthan, Tamil Nadu, Telangana, Uttar Pradesh, West Bengal",PENDING,PENDING,PENDING,PENDING,,,,PENDING
17,MANGALORE REFINERY AND PETROCHEMICALS LIMITED,FY2024-25,32.74074948,8.232285085,24.508464395,"Karnataka, Kerala",PENDING,PENDING,PENDING,PENDING,,,,PENDING
18,NEYVELI UTTAR PRADESH POWER LIMITED,FY2024-25,25.3377,8.8447,16.493000000000002,"Jharkhand, Pan India, Uttar Pradesh",PENDING,PENDING,PENDING,PENDING,,,,PENDING
19,JSW ENERGY LIMITED,FY2024-25,17.850792900000002,16.718796,1.1319969,"Himachal Pradesh, Karnataka, Maharashtra, Pan India",PENDING,PENDING,PENDING,PENDING,,,,PENDING
20,DHARAMPAL SATYAPAL LIMITED,FY2024-25,17.8190056,17.4378,0.3812056,"Delhi, Gujarat, Rajasthan, Uttar Pradesh, Uttarakhand",PENDING,PENDING,PENDING,PENDING,,,,PENDING
21,JSW STEEL LIMITED,FY2024-25,24.2869764,6.4699185,17.817057900000002,"Pan India, Tamil Nadu",PENDING,PENDING,PENDING,PENDING,,,,PENDING
22,NUMALIGARH REFINERY LTD,FY2024-25,23.058315535,7.430565504,15.627750031,"Assam, Bihar, Odisha, Pan India, West Bengal",PENDING,PENDING,PENDING,PENDING,,,,PENDING
23,NHPC LIMITED,FY2024-25,22.5440281,6.2432142,16.3008139,"Arunachal Pradesh, Assam, Haryana, Himachal Pradesh, Jammu And Kashmir, Ladakh, Maharashtra, Manipur, Pan India, Sikkim, Uttar Pradesh, Uttarakhand, West Bengal",PENDING,PENDING,PENDING,PENDING,,,,PENDING
24,JSW STEEL COATED PRODUCTS LIMITED,FY2024-25,12.6908143,12.4250166,0.2657977,Maharashtra,PENDING,PENDING,PENDING,PENDING,,,,PENDING
25,UNITED BREWERIES LIMITED,FY2024-25,12.5883383,12.5883383,0.0,"Haryana, Karnataka, Kerala, Maharashtra, Odisha, Pan India, Rajasthan, Tamil Nadu, West Bengal",PENDING,PENDING,PENDING,PENDING,,,,PENDING
26,HCL TECHNOLOGIES LIMITED,FY2024-25,25.8563149,4.3128,21.5435149,"Maharashtra, Pan India, Tamil Nadu, Uttar Pradesh",PENDING,PENDING,PENDING,PENDING,,,,PENDING
27,JINDAL POWER LIMITED,FY2024-25,12.0214,11.2093,0.8120999999999999,Chhattisgarh,PENDING,PENDING,PENDING,PENDING,,,,PENDING
28,RUNGTA SONS PVT LTD,FY2024-25,11.9596678,8.0477273,3.9119405,"Jharkhand, Odisha, West Bengal",PENDING,PENDING,PENDING,PENDING,,,,PENDING
29,BASF CATALYSTS INDIA PRIVATE LIMITED,FY2024-25,10.8369173,10.6967693,0.140148,Tamil Nadu,PENDING,PENDING,PENDING,PENDING,,,,PENDING
30,URANIUM CORPORATION OF INDIA LIMITED,FY2024-25,10.785048,9.6198645,1.1651835,"Andhra Pradesh, Jharkhand",PENDING,PENDING,PENDING,PENDING,,,,PENDING
31,CREDITACCESS GRAMEEN LIMITED,FY2024-25,12.531449371,6.157818,6.373631371,"Karnataka, Maharashtra, Pan India",PENDING,PENDING,PENDING,PENDING,,,,PENDING
32,HINDUSTAN PETROLEUM CORPORATION LIMITED,FY2024-25,13.3114663,5.567222635,7.744243665,"Andhra Pradesh, Bihar, Delhi, Gujarat, Haryana, Karnataka, Kerala, Madhya Pradesh, Maharashtra, Odisha, Pan India, Punjab, Rajasthan, Tamil Nadu, Telangana, Uttar Pradesh, Uttarakhand, West Bengal",PENDING,PENDING,PENDING,PENDING,,,,PENDING
33,WESTERN COALFIELDS LIMITED,FY2024-25,9.7318304,7.283508100000001,2.4483223,"Madhya Pradesh, Maharashtra, Pan India",PENDING,PENDING,PENDING,PENDING,,,,PENDING
34,DATWYLER PHARMA PACKAGING INDIA PRIVATE LIMITED,FY2024-25,8.6382356,8.6382356,0.0,Maharashtra,PENDING,PENDING,PENDING,PENDING,,,,PENDING
35,BARAMATI AGRO LIMITED,FY2024-25,8.5630581,8.5630581,0.0,"Karnataka, Maharashtra",PENDING,PENDING,PENDING,PENDING,,,,PENDING
36,TAMILNADU NEWSPRINT & PAPERS LIMITED,FY2024-25,8.3035,7.7771,0.5264,Tamil Nadu,PENDING,PENDING,PENDING,PENDING,,,,PENDING
37,SESHASAYEE PAPER AND BOARDS LIMITED,FY2024-25,7.8991308,7.8991308,0.0,Tamil Nadu,PENDING,PENDING,PENDING,PENDING,,,,PENDING
38,HINDUSTAN AERONAUTICS LIMITED,FY2024-25,27.2851429,1.7612,25.5239429,"Karnataka, Maharashtra, Odisha, Telangana, Uttar Pradesh, West Bengal",PENDING,PENDING,PENDING,PENDING,,,,PENDING
39,HETERO LABS LIMITED,FY2024-25,7.25639,7.11039,0.146,"Andhra Pradesh, Telangana",PENDING,PENDING,PENDING,PENDING,,,,PENDING
40,VIRBAC ANIMAL HEALTH INDIA PRIVATE LIMITED,FY2024-25,7.1341795,6.530069999999999,0.6041095,"Andhra Pradesh, Bihar, Gujarat, Haryana, Karnataka, Kerala, Madhya Pradesh, Maharashtra, Odisha, Pan India, Rajasthan, Telangana, Uttar Pradesh, Uttarakhand, West Bengal",PENDING,PENDING,PENDING,PENDING,,,,PENDING
41,THE RAMCO CEMENTS LIMITED,FY2024-25,7.033443759,7.033443759,0.0,"Andhra Pradesh, Karnataka, Pan India, Tamil Nadu",PENDING,PENDING,PENDING,PENDING,,,,PENDING
42,AUROBINDO PHARMA LTD,FY2024-25,9.0442383,3.7735465,5.2706918,"Andhra Pradesh, Pan India, Telangana",PENDING,PENDING,PENDING,PENDING,,,,PENDING
43,MUMBAI WASTE MANAGEMENT LIMITED,FY2024-25,7.0897575,5.0304639,2.0592936,"Andhra Pradesh, Karnataka, Madhya Pradesh, Maharashtra, Rajasthan, Telangana, Uttar Pradesh",PENDING,PENDING,PENDING,PENDING,,,,PENDING
44,BHUSHAN POWER & STEEL LIMITED,FY2024-25,6.221144313,5.628596263,0.59254805,Odisha,PENDING,PENDING,PENDING,PENDING,,,,PENDING
45,JSW ENERGY (BARMER) LIMITED,FY2024-25,6.079513171,5.298048671,0.7814645,"Pan India, Rajasthan",PENDING,PENDING,PENDING,PENDING,,,,PENDING
46,RUPA & COMPANY LTD,FY2024-25,5.676931506,5.676931506,0.0,West Bengal,PENDING,PENDING,PENDING,PENDING,,,,PENDING
47,LIC HOUSING FINANCE LTD,FY2024-25,7.3294615,2.4304793,4.8989822,"Andhra Pradesh, Jharkhand, Kerala, Pan India, Rajasthan, Tamil Nadu, Tripura, Uttar Pradesh, West Bengal",PENDING,PENDING,PENDING,PENDING,,,,PENDING
48,BOSCH LIMITED,FY2024-25,6.4687909,2.6287909000000003,3.84,"Karnataka, Maharashtra, Rajasthan, Tamil Nadu",PENDING,PENDING,PENDING,PENDING,,,,PENDING
49,RAIL VIKAS NIGAM LIMITED,FY2024-25,13.4218854,1.241,12.1808854,"Andhra Pradesh, Delhi, Karnataka, Madhya Pradesh, Rajasthan, Tamil Nadu, Uttar Pradesh, Uttarakhand, West Bengal",PENDING,PENDING,PENDING,PENDING,,,,PENDING
50,HINDUJA LEYLAND FINANCE LIMITED,FY2024-25,4.7277315,4.7277315,0.0,"Maharashtra, Rajasthan, Tamil Nadu",PENDING,PENDING,PENDING,PENDING,,,,PENDING
51,PRAKASH INDUSTRIES LIMITED,FY2024-25,4.6601865,4.6601865,0.0,"Chhattisgarh, Odisha, Pan India",PENDING,PENDING,PENDING,PENDING,,,,PENDING
52,MANALI PETROCHEMICALS LIMITED,FY2024-25,4.644530387,4.3308,0.313730387,Tamil Nadu,PENDING,PENDING,PENDING,PENDING,,,,PENDING
53,ANDHRA PAPER LIMITED,FY2024-25,4.33921229,4.33271229,0.0065,Andhra Pradesh,PENDING,PENDING,PENDING,PENDING,,,,PENDING
54,SHREE CEMENT LIMITED,FY2024-25,4.2661546,4.2661546,0.0,"Andhra Pradesh, Bihar, Chhattisgarh, Haryana, Jharkhand, Odisha, Pan India, Rajasthan",PENDING,PENDING,PENDING,PENDING,,,,PENDING
55,CHOLAMANDALAM INVESTMENT AND FINANCE COMPANY LIMITED,FY2024-25,6.3873374,1.809564,4.5777734,"Assam, Bihar, Jharkhand, Maharashtra, Odisha, Tamil Nadu, Telangana",PENDING,PENDING,PENDING,PENDING,,,,PENDING
56,CHOWGULE AND COMPANY PRIVATE LIMITED.,FY2024-25,3.6831,3.6831,0.0,Goa,PENDING,PENDING,PENDING,PENDING,,,,PENDING
57,MYLAN LABORATORIES LIMITED,FY2024-25,3.7704723,2.9174352,0.8530371,"Karnataka, Madhya Pradesh, Maharashtra, Pan India, Tamil Nadu, Telangana",PENDING,PENDING,PENDING,PENDING,,,,PENDING
58,IRCON INTERNATIONAL LIMITED,FY2024-25,5.1421629,1.4938734,3.6482895,"Andhra Pradesh, Bihar, Chhattisgarh, Jammu And Kashmir, Maharashtra, Odisha, Rajasthan, Sikkim, Uttar Pradesh, Uttarakhand, West Bengal",PENDING,PENDING,PENDING,PENDING,,,,PENDING
59,BSES RAJDHANI POWER LIMITED,FY2024-25,4.250998334,1.9933175,2.257680834,Delhi,PENDING,PENDING,PENDING,PENDING,,,,PENDING
60,INDIAN RAILWAY CATERING AND TOURISM CORPORATION LIMITED,FY2024-25,8.841133000000001,0.9621872,7.878945799999999,"Bihar, Delhi, Madhya Pradesh, Maharashtra, Pan India, Tamil Nadu, Uttar Pradesh, Uttarakhand, West Bengal",PENDING,PENDING,PENDING,PENDING,,,,PENDING
61,CENTRAL MINE PLANNING & DESIGN INSTITUTE LIMITED,FY2024-25,5.973615314,1.226978698,4.746636616,"Chhattisgarh, Jharkhand, Madhya Pradesh, Maharashtra, Odisha, Pan India, West Bengal",PENDING,PENDING,PENDING,PENDING,,,,PENDING
62,WPIL LIMITED,FY2024-25,3.2553488,3.2553488,0.0,West Bengal,PENDING,PENDING,PENDING,PENDING,,,,PENDING
63,BONAI INDUSTRIAL CO LTD,FY2024-25,3.3784415,2.8630015,0.51544,Odisha,PENDING,PENDING,PENDING,PENDING,,,,PENDING
64,AB INBEV GCC SERVICES INDIA PRIVATE LIMITED,FY2024-25,3.2501170000000004,3.224117,0.026,Karnataka,PENDING,PENDING,PENDING,PENDING,,,,PENDING
65,RITES LIMITED,FY2024-25,4.0641,1.7628,2.3013,"Andhra Pradesh, Bihar, Delhi, Gujarat, Jammu And Kashmir, Jharkhand, Rajasthan, Uttar Pradesh",PENDING,PENDING,PENDING,PENDING,,,,PENDING
66,THDC INDIA LIMITED,FY2024-25,4.744834,1.249306,3.495528,"Bihar, Madhya Pradesh, Uttar Pradesh, Uttarakhand",PENDING,PENDING,PENDING,PENDING,,,,PENDING
67,APOLLO TYRES LIMITED.,FY2024-25,4.4762123,1.2437806,3.2324317,"Andhra Pradesh, Gujarat, Tamil Nadu",PENDING,PENDING,PENDING,PENDING,,,,PENDING
68,SOUTH-WEST MINING LIMITED,FY2024-25,3.2423689,2.3375796,0.9047893,"Andhra Pradesh, Karnataka, Pan India, Rajasthan",PENDING,PENDING,PENDING,PENDING,,,,PENDING
69,YAZAKI INDIA PRIVATE LIMITED,FY2024-25,2.98064,2.98064,0.0,"Jharkhand, Karnataka, Madhya Pradesh, Maharashtra, Rajasthan, Tamil Nadu, Uttarakhand",PENDING,PENDING,PENDING,PENDING,,,,PENDING
70,GENERAL INSURANCE CORPORATION OF INDIA,FY2024-25,4.4362032000000005,1.217375,3.2188282,"Chandigarh, Gujarat, Jharkhand, Karnataka, Maharashtra, Pan India, Tamil Nadu, Tripura, Uttar Pradesh",PENDING,PENDING,PENDING,PENDING,,,,PENDING
71,SYNGENTA INDIA PRIVATE LIMITED,FY2024-25,3.8416454,1.4684983,2.3731471,"Andhra Pradesh, Maharashtra, Pan India, Rajasthan, Telangana, Uttar Pradesh",PENDING,PENDING,PENDING,PENDING,,,,PENDING
72,GULF OIL LUBRICANTS INDIA LIMITED,FY2024-25,2.8877958,2.8877958,0.0,"Kerala, Pan India, Tamil Nadu",PENDING,PENDING,PENDING,PENDING,,,,PENDING
73,DOLLAR INDUSTRIES LIMITED,FY2024-25,2.8578407,2.8578407,0.0,"Pan India, West Bengal",PENDING,PENDING,PENDING,PENDING,,,,PENDING
74,MMTC - PAMP INDIA PRIVATE LIMITED,FY2024-25,2.8275032,2.7466032,0.0809,Haryana,PENDING,PENDING,PENDING,PENDING,,,,PENDING
75,AMBA RIVER COKE LIMITED,FY2024-25,2.9101367,2.2544995,0.6556372,Maharashtra,PENDING,PENDING,PENDING,PENDING,,,,PENDING
76,FEEGRADE & CO PVT LTD,FY2024-25,2.7633,2.6027,0.1606,Odisha,PENDING,PENDING,PENDING,PENDING,,,,PENDING
77,GHCL LIMITED,FY2024-25,2.6525407,2.6525407,0.0,Gujarat,PENDING,PENDING,PENDING,PENDING,,,,PENDING
78,FINOLEX INDUSTRIES LIMITED,FY2024-25,3.5031667,1.2516971,2.2514696,"Gujarat, Karnataka, Maharashtra, Tamil Nadu",PENDING,PENDING,PENDING,PENDING,,,,PENDING
79,M.VENKATA RAO INFRA PROJECTS PRIVATE LIMITED (PART IX ),FY2024-25,2.6298047,2.2077047,0.4221,"Andhra Pradesh, Goa",PENDING,PENDING,PENDING,PENDING,,,,PENDING
80,OIL INDIA LIMITED,FY2023-24,101.756066039,2.3796646,99.376401439,"Andhra Pradesh, Arunachal Pradesh, Assam, Pan India, Rajasthan",PENDING,PENDING,PENDING,PENDING,,,,PENDING
81,ROCA BATHROOM PRODUCTS PRIVATE LIMITED,FY2023-24,16.3811,6.9207,9.4604,"Andhra Pradesh, Delhi, Haryana, Karnataka, Kerala, Madhya Pradesh, Rajasthan, Tamil Nadu, Telangana, Uttar Pradesh, Uttarakhand",PENDING,PENDING,PENDING,PENDING,,,,PENDING
82,NAVIN FLUORINE INTERNATIONAL LIMITED,FY2024-25,2.7979000000000003,1.7114,1.0865,"Madhya Pradesh, Maharashtra",PENDING,PENDING,PENDING,PENDING,,,,PENDING
83,RUNGTA MINES LIMITED,FY2023-24,11.627988043,9.458166772,2.169821271,"Jharkhand, Odisha, Pan India",PENDING,PENDING,PENDING,PENDING,,,,PENDING
84,GOA SHIPYARD LIMITED,FY2024-25,5.957950343,0.595230726,5.362719617,"Goa, Maharashtra",PENDING,PENDING,PENDING,PENDING,,,,PENDING
85,JK LAKSHMI CEMENT LIMITED,FY2024-25,2.457774758,2.307774758,0.15,"Pan India, Rajasthan",PENDING,PENDING,PENDING,PENDING,,,,PENDING
86,NABHA POWER LIMITED,FY2024-25,3.432152555,1.0,2.432152555,Punjab,PENDING,PENDING,PENDING,PENDING,,,,PENDING
87,SBI CAPITAL MARKETS LIMITED,FY2024-25,2.7254882,1.5154999999999998,1.2099882,"Delhi, Maharashtra, Rajasthan, Tamil Nadu",PENDING,PENDING,PENDING,PENDING,,,,PENDING
88,KARNATAKA RENEWABLE ENERGY DEVELOPMENT LIMITED,FY2024-25,2.41,2.21,0.2,Karnataka,PENDING,PENDING,PENDING,PENDING,,,,PENDING
89,CHAMBAL FERTILISERS AND CHEMICALS LIMITED,FY2024-25,2.752052876,1.382052876,1.37,"Haryana, Madhya Pradesh, Maharashtra, Punjab, Rajasthan",PENDING,PENDING,PENDING,PENDING,,,,PENDING
90,ESL STEEL LIMITED,FY2024-25,2.259730473,2.244743573,0.0149869,"Jharkhand, Odisha",PENDING,PENDING,PENDING,PENDING,,,,PENDING
91,BHARAT DYNAMICS LIMITED,FY2024-25,10.6904818,0.4412,10.2492818,"Andhra Pradesh, Pan India, Telangana",PENDING,PENDING,PENDING,PENDING,,,,PENDING
92,WEST COAST PAPER MILLS LIMITED,FY2024-25,2.0817647,2.0817647,0.0,Karnataka,PENDING,PENDING,PENDING,PENDING,,,,PENDING
93,NTPC LIMITED,FY2024-25,115.178107021,24.02468187,91.153425151,"Andhra Pradesh, Assam, Bihar, Chhattisgarh, Delhi, Gujarat, Haryana, Himachal Pradesh, Jharkhand, Kerala, Madhya Pradesh, Maharashtra, Nagaland, Odisha, Pan India, Rajasthan, Telangana, Uttar Pradesh, West Bengal",PENDING,PENDING,PENDING,PENDING,,,,PENDING
94,SECURITY PRINTING AND MINTING CORPORATION OF INDIA LIMITED,FY2024-25,2.9073053,0.9369,1.9704053,"Maharashtra, Pan India, Telangana, Uttar Pradesh",PENDING,PENDING,PENDING,PENDING,,,,PENDING
95,ODISHA MINING CORPORATION LIMITED,FY2024-25,2.173924705,1.616316143,0.557608562,Odisha,PENDING,PENDING,PENDING,PENDING,,,,PENDING
96,LARSEN AND TOUBRO LIMITED,FY2023-24,12.3257667,2.0386721,10.2870946,"Gujarat, Maharashtra, Rajasthan, Tamil Nadu",PENDING,PENDING,PENDING,PENDING,,,,PENDING
97,CHEMPLAST SANMAR LIMITED,FY2023-24,5.9942,5.9942,0.0,Tamil Nadu,PENDING,PENDING,PENDING,PENDING,,,,PENDING
98,TAMILNAD MERCANTILE BANK LIMITED,FY2024-25,10.899646341,0.360973426,10.538672915,"Andhra Pradesh, Pan India, Tamil Nadu, Uttar Pradesh",PENDING,PENDING,PENDING,PENDING,,,,PENDING
99,GKN DRIVELINE (INDIA) LIMITED,FY2024-25,2.4974,1.0234,1.474,"Haryana, Maharashtra, Tamil Nadu",PENDING,PENDING,PENDING,PENDING,,,,PENDING
100,KANAM LATEX INDUSTRIES PVT LTD,FY2024-25,2.0357657,1.4476423,0.5881234,"Kerala, Tamil Nadu",PENDING,PENDING,PENDING,PENDING,,,,PENDING
101,CONTAINER CORPORATION OF INDIA LIMITED,FY2023-24,16.8069,1.3595,15.4474,"Bihar, Delhi, Gujarat, Haryana, Kerala, Maharashtra, Odisha, Pan India, Rajasthan, Tamil Nadu, Telangana, Uttar Pradesh, West Bengal",PENDING,PENDING,PENDING,PENDING,,,,PENDING
102,GODAWARI POWER AND ISPAT LIMITED,FY2024-25,1.8788,1.8033,0.0755,Chhattisgarh,PENDING,PENDING,PENDING,PENDING,,,,PENDING
103,ICICI LOMBARD GENERAL INSURANCE COMPANY LIMITED,FY2024-25,19.4874908,19.4874908,0.0,"Bihar, Pan India",PENDING,PENDING,PENDING,PENDING,,,,PENDING
104,LM WIND POWER BLADES (INDIA) PRIVATE LIMITED,FY2024-25,1.89423,1.7087233,0.1855067,"Gujarat, Karnataka",PENDING,PENDING,PENDING,PENDING,,,,PENDING
105,SREE RAYALASEEMA HI-STRENGTH HYPO LIMITED,FY2024-25,1.8511145,1.8511145,0.0,Andhra Pradesh,PENDING,PENDING,PENDING,PENDING,,,,PENDING
106,TGV SRAAC LIMITED,FY2024-25,1.835367,1.835367,0.0,Andhra Pradesh,PENDING,PENDING,PENDING,PENDING,,,,PENDING
107,CAN FIN HOMES LIMITED,FY2024-25,1.9335144,1.3932044,0.5403100000000001,"Andhra Pradesh, Bihar, Chhattisgarh, Delhi, Haryana, Karnataka, Kerala, Madhya Pradesh, Maharashtra, Odisha, Puducherry, Rajasthan, Tamil Nadu",PENDING,PENDING,PENDING,PENDING,,,,PENDING
108,MOON BEVERAGES LIMITED,FY2024-25,2.0554433000000003,1.1203663,0.935077,"Delhi, Uttar Pradesh",PENDING,PENDING,PENDING,PENDING,,,,PENDING
109,INDIAN EXPLOSIVES PRIVATE LIMITED,FY2023-24,4.3976198,4.3976198,0.0,Jharkhand,PENDING,PENDING,PENDING,PENDING,,,,PENDING
110,HYDERABAD INTEGRATED MSW LIMITED,FY2024-25,1.9110689,1.1858542,0.7252147,"Andhra Pradesh, Madhya Pradesh, Telangana",PENDING,PENDING,PENDING,PENDING,,,,PENDING
111,COCHIN SHIPYARD LIMITED,FY2023-24,5.2967464,2.0143083,3.2824381,"Assam, Kerala, Nagaland, West Bengal",PENDING,PENDING,PENDING,PENDING,,,,PENDING
112,SUN PHARMACEUTICAL INDUSTRIES LIMITED,FY2024-25,1.655587651,1.655587651,0.0,"Gujarat, Maharashtra, Pan India, Punjab, Tamil Nadu",PENDING,PENDING,PENDING,PENDING,,,,PENDING
113,ATLAS COPCO (INDIA) PRIVATE LIMITED,FY2024-25,11.1439928,7.5779469,3.5660459,"Maharashtra, Rajasthan, Telangana",PENDING,PENDING,PENDING,PENDING,,,,PENDING
114,SUNFLAG IRON AND STEEL CO LTD,FY2024-25,1.5961612,1.5886799,0.0074813,Maharashtra,PENDING,PENDING,PENDING,PENDING,,,,PENDING
115,RE SUSTAINABILITY LIMITED,FY2024-25,1.602205,1.4482355,0.1539695,"Andhra Pradesh, Karnataka, Madhya Pradesh, Maharashtra, Tamil Nadu, Telangana, Uttar Pradesh, West Bengal",PENDING,PENDING,PENDING,PENDING,,,,PENDING
116,PERFETTI VAN MELLE INDIA PRIVATE LIMITED,FY2024-25,1.5117892,1.5117892,0.0,"Haryana, Karnataka, Tamil Nadu, West Bengal",PENDING,PENDING,PENDING,PENDING,,,,PENDING
117,RAMKRISHNA FORGINGS LTD,FY2024-25,1.7268174,1.0557104,0.6711069999999999,Jharkhand,PENDING,PENDING,PENDING,PENDING,,,,PENDING
118,BHARAT COKING COAL LIMITED,FY2024-25,1.592069425,1.256284171,0.335785254,Jharkhand,PENDING,PENDING,PENDING,PENDING,,,,PENDING
119,AVADH SUGAR & ENERGY LIMITED,FY2024-25,3.7113219,0.3721219,3.3392,Uttar Pradesh,PENDING,PENDING,PENDING,PENDING,,,,PENDING
120,COAL INDIA LIMITED,FY2024-25,14.3247802,2.2783846,12.0463956,"Andhra Pradesh, Bihar, Gujarat, Jharkhand, Pan India, West Bengal",PENDING,PENDING,PENDING,PENDING,,,,PENDING
121,BSR INFRATECH INDIA LIMITED,FY2024-25,1.6331668,1.125,0.5081668,Andhra Pradesh,PENDING,PENDING,PENDING,PENDING,,,,PENDING
122,KARNATAKA STATE MINERALS CORPORATION LIMITED,FY2023-24,4.767,1.367,3.4,Karnataka,PENDING,PENDING,PENDING,PENDING,,,,PENDING
123,EXXONMOBIL SERVICES & TECHNOLOGY PRIVATE LIMITED,FY2024-25,2.0955169,0.6291247,1.4663922,"Karnataka, Kerala",PENDING,PENDING,PENDING,PENDING,,,,PENDING
124,SUN PHARMA DISTRIBUTORS LIMITED,FY2024-25,1.4103525,1.3703525,0.04,"Gujarat, Maharashtra, Tamil Nadu",PENDING,PENDING,PENDING,PENDING,,,,PENDING
125,ASIAN PAINTS LIMITED,FY2022-23,35.330748802,33.749,1.581748802,"Andhra Pradesh, Haryana, Karnataka, Pan India, Tamil Nadu",PENDING,PENDING,PENDING,PENDING,,,,PENDING
126,JK PAPER LIMITED,FY2024-25,1.6409234,0.9505786,0.6903448,"Gujarat, Odisha",PENDING,PENDING,PENDING,PENDING,,,,PENDING
127,HINDUSTAN COCA-COLA BEVERAGES PRIVATE LIMITED,FY2024-25,16.5983381,1.5750000000000002,15.0233381,"Gujarat, Maharashtra, Pan India",PENDING,PENDING,PENDING,PENDING,,,,PENDING
128,VEDANTA LIMITED,FY2022-23,31.749168084,21.619168084,10.13,"Goa, Odisha, Pan India, Rajasthan, Tamil Nadu",PENDING,PENDING,PENDING,PENDING,,,,PENDING
129,OIL AND NATURAL GAS CORPORATION LIMITED,FY2022-23,150.3374384,5.934,144.4034384,"Andhra Pradesh, Delhi, Haryana, Pan India, Tripura, Uttar Pradesh",PENDING,PENDING,PENDING,PENDING,,,,PENDING
130,KOHLER INDIA CORPORATION PRIVATE LIMITED,FY2024-25,1.8220202,0.705255,1.1167652,"Delhi, Gujarat, Haryana, Pan India, Rajasthan",PENDING,PENDING,PENDING,PENDING,,,,PENDING
131,AKAMAI TECHNOLOGIES INDIA PRIVATE LIMITED,FY2024-25,5.5733537,5.5733537,0.0,"Karnataka, Tamil Nadu",PENDING,PENDING,PENDING,PENDING,,,,PENDING
132,NATIONAL STOCK EXCHANGE OF INDIA LTD.,FY2022-23,59.3178331,5.6332152,53.6846179,"Jharkhand, Kerala, Madhya Pradesh, Maharashtra, Pan India, Rajasthan, Tamil Nadu, West Bengal",PENDING,PENDING,PENDING,PENDING,,,,PENDING
133,HYUNDAI MOTOR INDIA LIMITED,FY2024-25,5.2391546,5.09395,0.1452046,"Madhya Pradesh, Maharashtra, Tamil Nadu",PENDING,PENDING,PENDING,PENDING,,,,PENDING
134,EASTERN COALFIELDS LTD,FY2023-24,2.9873177,2.0605408,0.9267769,"Nec/Not Mentioned, West Bengal",PENDING,PENDING,PENDING,PENDING,,,,PENDING
135,S G S INDIA PRIVATE LIMITED,FY2023-24,2.7984718,2.5484718,0.25,"Haryana, Karnataka, Maharashtra, Pan India",PENDING,PENDING,PENDING,PENDING,,,,PENDING
136,MAZAGON DOCK SHIPBUILDERS LIMITED,FY2024-25,12.74185847,0.2,12.54185847,"Madhya Pradesh, Maharashtra, Pan India",PENDING,PENDING,PENDING,PENDING,,,,PENDING
137,THE FEDERAL BANK LTD,FY2024-25,1.5541341,0.7338020000000001,0.8203321,"Assam, Bihar, Haryana, Himachal Pradesh, Jharkhand, Karnataka, Kerala, Madhya Pradesh, Maharashtra, Meghalaya, Nagaland, Odisha, Punjab, Tamil Nadu, Tripura, Uttar Pradesh, West Bengal",PENDING,PENDING,PENDING,PENDING,,,,PENDING
138,OPTIMUS DRUGS PRIVATE LIMITED,FY2024-25,1.3451719,0.9961621,0.3490098,"Andhra Pradesh, Telangana",PENDING,PENDING,PENDING,PENDING,,,,PENDING
139,INTERGLOBE AIR TRANSPORT LIMITED,FY2024-25,2.4850513,0.3900513,2.095,"Haryana, Odisha, Rajasthan",PENDING,PENDING,PENDING,PENDING,,,,PENDING
140,HETERO DRUGS LIMITED,FY2024-25,1.2369507,1.2369507,0.0,Telangana,PENDING,PENDING,PENDING,PENDING,,,,PENDING
141,BHUBANESWARI COAL MINING LIMITED,FY2024-25,1.231944591,1.231944591,0.0,Odisha,PENDING,PENDING,PENDING,PENDING,,,,PENDING
142,AU SMALL FINANCE BANK LIMITED,FY2024-25,1.2982061,1.0282061,0.27,"Pan India, Rajasthan",PENDING,PENDING,PENDING,PENDING,,,,PENDING
143,JSW HYDRO ENERGY LIMITED,FY2024-25,1.4577068,0.7676638,0.690043,Himachal Pradesh,PENDING,PENDING,PENDING,PENDING,,,,PENDING
144,NICHINO INDIA PRIVATE LIMITED,FY2024-25,1.19868,1.19868,0.0,"Andhra Pradesh, Karnataka, Pan India, Tamil Nadu, Telangana",PENDING,PENDING,PENDING,PENDING,,,,PENDING
145,JHAJJAR POWER LIMITED.,FY2024-25,2.3232101,0.3822911,1.940919,Haryana,PENDING,PENDING,PENDING,PENDING,,,,PENDING
146,DEV SALT PRIVATE LIMITED,FY2024-25,1.174288,1.174288,0.0,Gujarat,PENDING,PENDING,PENDING,PENDING,,,,PENDING
147,NSE CLEARING LIMITED,FY2022-23,14.7864333,4.6950486,10.0913847,"Jharkhand, Kerala, Madhya Pradesh, Maharashtra, Pan India, Rajasthan, Tamil Nadu, West Bengal",PENDING,PENDING,PENDING,PENDING,,,,PENDING
148,MRF LIMITED,FY2024-25,1.3820888999999998,0.7275834,0.6545055,"Goa, Puducherry, Tamil Nadu, Telangana",PENDING,PENDING,PENDING,PENDING,,,,PENDING
149,RADICO KHAITAN LIMITED,FY2024-25,3.570853,0.252153,3.3187,Uttar Pradesh,PENDING,PENDING,PENDING,PENDING,,,,PENDING
150,KAMARAJAR PORT LIMITED,FY2024-25,5.3601809,1.657,3.7031809,Tamil Nadu,PENDING,PENDING,PENDING,PENDING,,,,PENDING
151,BA CONTINUUM INDIA PRIVATE LIMITED,FY2022-23,10.8840616,5.654999999999999,5.2290616,"Delhi, Haryana, Pan India",PENDING,PENDING,PENDING,PENDING,,,,PENDING
152,SAPTAGIR CAMPHOR PRIVATE LIMITED,FY2024-25,1.1249774,1.1249774,0.0,"Andhra Pradesh, Telangana",PENDING,PENDING,PENDING,PENDING,,,,PENDING
153,GUJARAT INDUSTRIES POWER COMPANY LTD.,FY2024-25,2.6831232,0.2851246,2.3979986,Gujarat,PENDING,PENDING,PENDING,PENDING,,,,PENDING
154,COAL INDIA LTD GOVT OF INDIA UNDERTAKING,FY2022-23,8.690328000000001,4.9181,3.772228,"Arunachal Pradesh, Delhi, Jammu And Kashmir, Jharkhand, Madhya Pradesh, Uttar Pradesh, West Bengal",PENDING,PENDING,PENDING,PENDING,,,,PENDING
155,LEE PHARMA LIMITED,FY2024-25,1.0840606,1.0840606,0.0,Telangana,PENDING,PENDING,PENDING,PENDING,,,,PENDING
156,RE SUSTAINABILITY IWM SOLUTIONS LIMITED,FY2024-25,1.0988465,0.9905117,0.1083348,"Karnataka, Rajasthan, Tamil Nadu, Telangana, West Bengal",PENDING,PENDING,PENDING,PENDING,,,,PENDING
157,THE SINGARENI COLLIERIES COMPANY LIMITED,FY2024-25,1.1150771,0.9031958,0.2118813,Telangana,PENDING,PENDING,PENDING,PENDING,,,,PENDING
158,MARICO LIMITED,FY2024-25,3.2407135,2.56,0.6807135,Pan India,PENDING,PENDING,PENDING,PENDING,,,,PENDING
159,J. K. CEMENT LIMITED.,FY2024-25,1.0549799,0.9538203,0.1011595999999999,"Delhi, Haryana, Madhya Pradesh, Rajasthan",PENDING,PENDING,PENDING,PENDING,,,,PENDING
160,TEXAS INSTRUMENTS (INDIA) PRIVATE LIMITED,FY2024-25,3.5988645,1.395,2.2038645,Karnataka,PENDING,PENDING,PENDING,PENDING,,,,PENDING
161,NAVA BHARAT ENERGY INDIA LIMITED,FY2024-25,1.0998,0.7519,0.3479,Telangana,PENDING,PENDING,PENDING,PENDING,,,,PENDING
162,STAR CHEMICALS (BOMBAY) PRIVATE LIMITED,FY2024-25,1.05,0.83,0.22,"Gujarat, Tamil Nadu",PENDING,PENDING,PENDING,PENDING,,,,PENDING
163,NABSAMRUDDHI FINANCE LIMITED,FY2024-25,1.028170998,0.885107398,0.1430636,"Bihar, Maharashtra, Rajasthan, Uttar Pradesh",PENDING,PENDING,PENDING,PENDING,,,,PENDING
164,JINDAL SAW LIMITED,FY2024-25,27.030951473,0.1155173,26.915434173,"Andhra Pradesh, Gujarat, Karnataka, Rajasthan, Uttar Pradesh",PENDING,PENDING,PENDING,PENDING,,,,PENDING
165,ION EXCHANGE (INDIA) LIMITED,FY2024-25,1.1173519,0.6894386,0.4279133,"Chhattisgarh, Delhi, Goa, Gujarat, Karnataka, Kerala, Maharashtra, Punjab, Rajasthan, Tamil Nadu, Telangana",PENDING,PENDING,PENDING,PENDING,,,,PENDING
166,GUJARAT ALKALIES AND CHEMICALS LIMITED,FY2023-24,1.8593173,1.6347683,0.224549,Gujarat,PENDING,PENDING,PENDING,PENDING,,,,PENDING
167,KAJARIA CERAMICS LIMITED,FY2024-25,12.1166926,0.1217,11.9949926,"Andhra Pradesh, Delhi, Pan India, Rajasthan, Uttar Pradesh",PENDING,PENDING,PENDING,PENDING,,,,PENDING
168,NACL INDUSTRIES LIMITED,FY2024-25,2.5064,2.5064,0.0,Andhra Pradesh,PENDING,PENDING,PENDING,PENDING,,,,PENDING
169,INDIAN METALS AND FERRO ALLOYS LTD.,FY2024-25,1.1583145,0.5305434,0.6277711,Odisha,PENDING,PENDING,PENDING,PENDING,,,,PENDING
170,AMBUJA CEMENTS LIMITED,FY2023-24,19.31,5.0,14.31,"Andhra Pradesh, Gujarat, Punjab, Rajasthan",PENDING,PENDING,PENDING,PENDING,,,,PENDING
171,THE SUPREME INDUSTRIES LIMITED,FY2024-25,6.9137,0.1371,6.7766,"Gujarat, Maharashtra, Pan India, Rajasthan",PENDING,PENDING,PENDING,PENDING,,,,PENDING
172,NLC TAMIL NADU POWER LIMITED,FY2024-25,2.42115,0.2268,2.19435,Tamil Nadu,PENDING,PENDING,PENDING,PENDING,,,,PENDING
173,PETRONET MHB LIMITED,FY2024-25,3.5154241,0.1732,3.3422241,Karnataka,PENDING,PENDING,PENDING,PENDING,,,,PENDING
174,FINOVA CAPITAL PRIVATE LIMITED,FY2024-25,0.934681768,0.814210668,0.1204711,"Madhya Pradesh, Pan India, Rajasthan, Uttar Pradesh",PENDING,PENDING,PENDING,PENDING,,,,PENDING
175,DCB BANK LIMITED,FY2023-24,1.7485679,1.1374754,0.6110925,"Andhra Pradesh, Bihar, Delhi, Gujarat, Maharashtra, Pan India, Punjab, Rajasthan, Tamil Nadu, Telangana, West Bengal",PENDING,PENDING,PENDING,PENDING,,,,PENDING
176,SRI KUMARASWAMY MINERAL EXPORTS PRIVATE LIMITED,FY2024-25,0.92713,0.7341326,0.1929974,Karnataka,PENDING,PENDING,PENDING,PENDING,,,,PENDING
177,CALDERYS INDIA REFRACTORIES LIMITED,FY2024-25,0.9754,0.6398999999999999,0.3355,"Maharashtra, Odisha",PENDING,PENDING,PENDING,PENDING,,,,PENDING
178,RANE (MADRAS) LIMITED,FY2024-25,2.0764985,2.0628485,0.01365,"Puducherry, Tamil Nadu",PENDING,PENDING,PENDING,PENDING,,,,PENDING
179,JSW JAIGARH PORT LIMITED,FY2024-25,1.680223551,0.28,1.4002235509999998,"Maharashtra, Odisha",PENDING,PENDING,PENDING,PENDING,,,,PENDING
180,BHARAT ALUMINIUM CO LTD,FY2024-25,0.8865421,0.734888,0.1516541,Chhattisgarh,PENDING,PENDING,PENDING,PENDING,,,,PENDING
181,PRODAIR AIR PRODUCTS INDIA PRIVATE LIMITED,FY2024-25,2.0473,1.9233,0.124,"Bihar, Gujarat, Kerala, Maharashtra",PENDING,PENDING,PENDING,PENDING,,,,PENDING
182,IFCI VENTURE CAPITAL FUNDS LIMITED,FY2024-25,1.4877553,0.3049236,1.1828317,"Haryana, Maharashtra, Pan India, Tamil Nadu, Uttar Pradesh, West Bengal",PENDING,PENDING,PENDING,PENDING,,,,PENDING
183,MAHARASHTRA STATE POWER GENERATION COMPANY LIMITED,FY2023-24,6.4512831,6.4512831,0.0,Maharashtra,PENDING,PENDING,PENDING,PENDING,,,,PENDING
184,HERE SOLUTIONS INDIA PRIVATE LIMITED,FY2024-25,1.8893785,0.24,1.6493785,Maharashtra,PENDING,PENDING,PENDING,PENDING,,,,PENDING
185,SHRI BAJRANG POWER AND ISPAT LIMITED,FY2024-25,0.839325277,0.839325277,0.0,Chhattisgarh,PENDING,PENDING,PENDING,PENDING,,,,PENDING
186,NAVA LIMITED,FY2024-25,0.8376,0.8326,0.005,"Odisha, Telangana",PENDING,PENDING,PENDING,PENDING,,,,PENDING
187,TIME TECHNOPLAST LIMITED,FY2022-23,2.9222572,2.7417572,0.1805,"Daman And Diu, Pan India",PENDING,PENDING,PENDING,PENDING,,,,PENDING
188,HAR PARSHAD AND COMPANY PRIVATE LIMITED,FY2024-25,0.809491,0.809491,0.0,Haryana,PENDING,PENDING,PENDING,PENDING,,,,PENDING
189,SJVN LIMITED,FY2023-24,6.8956671,3.0,3.8956671,"Arunachal Pradesh, Himachal Pradesh, Pan India",PENDING,PENDING,PENDING,PENDING,,,,PENDING
190,ADI MOHINI MOHAN KANJILAL MARKETING PRIVATE LIMITED,FY2024-25,0.865,0.63,0.235,West Bengal,PENDING,PENDING,PENDING,PENDING,,,,PENDING
191,STAHL INDIA PRIVATE LIMITED,FY2024-25,0.821807077,0.724052377,0.0977547,Tamil Nadu,PENDING,PENDING,PENDING,PENDING,,,,PENDING
192,THE KARNATAKA BANK LIMITED,FY2024-25,1.3166811,0.3066737,1.0100074,"Delhi, Karnataka, Kerala, Maharashtra, Meghalaya, Tamil Nadu",PENDING,PENDING,PENDING,PENDING,,,,PENDING
193,MEDREICH LIMITED,FY2024-25,0.7878000000000001,0.7732,0.0146,"Karnataka, Pan India",PENDING,PENDING,PENDING,PENDING,,,,PENDING
194,ATLAS COPCO (INDIA) LIMITED,FY2021-22,19.879,19.879,0.0,"Maharashtra, Telangana",PENDING,PENDING,PENDING,PENDING,,,,PENDING
195,PERNOD RICARD INDIA PRIVATE LIMITED,FY2021-22,20.959356,17.3532947,3.6060613,"Jharkhand, Maharashtra, Odisha, Pan India, Rajasthan",PENDING,PENDING,PENDING,PENDING,,,,PENDING
196,AISSHPRA COMPANY PRIVATE LIMITED,FY2024-25,1.8127938,1.7831937999999998,0.0296,Uttar Pradesh,PENDING,PENDING,PENDING,PENDING,,,,PENDING
197,ALFA LAVAL INDIA PRIVATE LIMITED,FY2024-25,2.6807291,0.6817291,1.999,"Maharashtra, Rajasthan, Tamil Nadu",PENDING,PENDING,PENDING,PENDING,,,,PENDING
198,INDIAN SYNTHETIC RUBBER PRIVATE LIMITED,FY2024-25,2.3024429,0.8668488,1.4355941,Haryana,PENDING,PENDING,PENDING,PENDING,,,,PENDING
199,VINATI ORGANICS LIMITED,FY2024-25,1.9278605,0.1986,1.7292605,Maharashtra,PENDING,PENDING,PENDING,PENDING,,,,PENDING
200,JINDAL INDUSTRIES PRIVATE LIMITED,FY2024-25,0.8106776,0.5985249,0.2121527,"Haryana, Maharashtra",PENDING,PENDING,PENDING,PENDING,,,,PENDING
201,INFINITE WATER SOLUTIONS PRIVATE LIMITED,FY2023-24,1.1709824,1.1709824,0.0,"Maharashtra, Pan India",PENDING,PENDING,PENDING,PENDING,,,,PENDING
202,IDFC FIRST BANK LIMITED,FY2023-24,3.846746157,0.248424795,3.598321362,"Maharashtra, Odisha",PENDING,PENDING,PENDING,PENDING,,,,PENDING
203,GAGAN FERROTECH LIMITED,FY2024-25,0.7741094,0.5630714,0.211038,West Bengal,PENDING,PENDING,PENDING,PENDING,,,,PENDING
204,ONGC TRIPURA POWER COMPANY LIMITED,FY2024-25,1.7740911,1.200755,0.5733361,Tripura,PENDING,PENDING,PENDING,PENDING,,,,PENDING
205,J.K. FENNER (INDIA) LIMITED,FY2024-25,0.9382267,0.4212612,0.5169655,"Pan India, Tamil Nadu, Telangana",PENDING,PENDING,PENDING,PENDING,,,,PENDING
206,PRISM JOHNSON LIMITED,FY2024-25,0.711692767,0.680061277,0.03163149,"Karnataka, Madhya Pradesh, Maharashtra",PENDING,PENDING,PENDING,PENDING,,,,PENDING
207,HONOUR LAB LIMITED,FY2024-25,0.8834270999999999,0.4072899999999999,0.4761371,"Andhra Pradesh, Maharashtra, Telangana",PENDING,PENDING,PENDING,PENDING,,,,PENDING
208,TECHFAB (INDIA) INDUSTRIES LIMITED,FY2024-25,0.7021507,0.6995547,0.002596,Dadra & Nagar Haveli,PENDING,PENDING,PENDING,PENDING,,,,PENDING
209,ADITYA BIRLA FASHION AND RETAIL LIMITED,FY2024-25,1.7516410000000002,0.97,0.781641,"Andhra Pradesh, Karnataka, Maharashtra, Odisha, Pan India",PENDING,PENDING,PENDING,PENDING,,,,PENDING
210,TATA POWER RENEWABLE ENERGY LIMITED,FY2024-25,6.8758357000000005,6.8758357000000005,0.0,"Gujarat, Karnataka, Maharashtra",PENDING,PENDING,PENDING,PENDING,,,,PENDING
211,PNB HOUSING FINANCE LIMITED,FY2023-24,3.825978,1.96774,1.858238,"Haryana, Kerala, Pan India, Rajasthan",PENDING,PENDING,PENDING,PENDING,,,,PENDING
212,DURAVIT INDIA PRIVATE LIMITED,FY2024-25,1.4742066,0.1977747,1.2764319,Gujarat,PENDING,PENDING,PENDING,PENDING,,,,PENDING
213,MANGALORE CHEMICALS AND FERTILISERS LIMITED,FY2024-25,1.2618967,0.2249,1.0369967,Karnataka,PENDING,PENDING,PENDING,PENDING,,,,PENDING
214,ASANSOL BOTTLING & PACKAGING CO PRIVATE LIMITED,FY2024-25,0.68725304,0.68725304,0.0,West Bengal,PENDING,PENDING,PENDING,PENDING,,,,PENDING
215,TATA STEEL LONG PRODUCTS LIMITED,FY2022-23,2.238911,1.2999915,0.9389195,"Jharkhand, Odisha",PENDING,PENDING,PENDING,PENDING,,,,PENDING
216,ADAMA INDIA PRIVATE LIMITED,FY2022-23,1.9374529,1.9374529,0.0,"Andhra Pradesh, Bihar, Gujarat, Karnataka, Madhya Pradesh, Maharashtra, Rajasthan, Tamil Nadu, Telangana, Uttar Pradesh, West Bengal",PENDING,PENDING,PENDING,PENDING,,,,PENDING
217,SHALINA LABORATORIES PRIVATE LIMITED,FY2024-25,0.7007488,0.5652946999999999,0.1354541,Maharashtra,PENDING,PENDING,PENDING,PENDING,,,,PENDING
218,PHARMAZELL (INDIA) PRIVATE LIMITED,FY2024-25,0.7786579,0.4309921,0.3476658,"Andhra Pradesh, Tamil Nadu",PENDING,PENDING,PENDING,PENDING,,,,PENDING
219,KURIAN ABRAHAM PRIVATE LIMITED,FY2023-24,1.1006949,0.764397,0.3362979,Tamil Nadu,PENDING,PENDING,PENDING,PENDING,,,,PENDING
220,DESICCANT ROTORS INTERNATIONAL PRIVATE LIMITED,FY2024-25,0.6872811,0.5616305,0.1256506,"Haryana, Rajasthan",PENDING,PENDING,PENDING,PENDING,,,,PENDING
221,THE KARUR VYSYA BANK LIMITED,FY2024-25,1.02616845,0.2547282,0.7714402499999999,"Andhra Pradesh, Tamil Nadu, Telangana",PENDING,PENDING,PENDING,PENDING,,,,PENDING
222,NSE INDICES LIMITED,FY2023-24,2.0355788,0.2940609,1.7415179,"Jharkhand, Kerala, Madhya Pradesh, Maharashtra, Pan India, Rajasthan, Tamil Nadu, West Bengal",PENDING,PENDING,PENDING,PENDING,,,,PENDING
223,NEULAND LABORATORIES LTD.,FY2024-25,1.25491015,1.25491015,0.0,Telangana,PENDING,PENDING,PENDING,PENDING,,,,PENDING
224,PATEL ENGINEERING LIMITED,FY2024-25,1.2533759999999998,1.203376,0.05,"Arunachal Pradesh, Himachal Pradesh, Jammu And Kashmir, Maharashtra, Tamil Nadu",PENDING,PENDING,PENDING,PENDING,,,,PENDING
225,TOYOTA KIRLOSKAR MOTOR PRIVATE LIMITED,FY2024-25,12.46284,1.10684,11.356,Karnataka,PENDING,PENDING,PENDING,PENDING,,,,PENDING
226,TRL KROSAKI REFRACTORIES LIMITED,FY2024-25,0.8314408999999999,0.3255249,0.505916,Odisha,PENDING,PENDING,PENDING,PENDING,,,,PENDING
227,THE SOUTH INDIAN BANK LIMITED,FY2024-25,1.6558230310000002,0.5621341,1.093688931,"Karnataka, Kerala, Meghalaya, Tamil Nadu, Telangana, Tripura",PENDING,PENDING,PENDING,PENDING,,,,PENDING
228,INDIA GLYCOLS LIMITED,FY2024-25,0.610657,0.610657,0.0,"Uttar Pradesh, Uttarakhand",PENDING,PENDING,PENDING,PENDING,,,,PENDING
229,THE WEST BENGAL POWER DEVELOPMENT CORPORATION LIMITED,FY2024-25,0.6449255,0.5123255,0.1326,"Jharkhand, West Bengal",PENDING,PENDING,PENDING,PENDING,,,,PENDING
230,INDIA TRADE PROMOTION ORGANISATION,FY2024-25,4.080010667,2.5800106670000003,1.5,"Delhi, Pan India",PENDING,PENDING,PENDING,PENDING,,,,PENDING
231,CHEMFAB ALKALIS LIMITED,FY2024-25,0.6312733,0.5312733000000001,0.1,Puducherry,PENDING,PENDING,PENDING,PENDING,,,,PENDING
232,AGROCEL INDUSTRIES PRIVATE LIMITED,FY2022-23,2.853,0.4961,2.3569,Gujarat,PENDING,PENDING,PENDING,PENDING,,,,PENDING
233,BHARATHI CEMENT CORPORATION PRIVATE LIMITED,FY2023-24,2.5278297000000003,1.3880297,1.1398,Andhra Pradesh,PENDING,PENDING,PENDING,PENDING,,,,PENDING
234,ECGC LIMITED,FY2024-25,1.281037699,0.16,1.121037699,"Arunachal Pradesh, Delhi, Maharashtra, West Bengal",PENDING,PENDING,PENDING,PENDING,,,,PENDING
235,BLUE DART EXPRESS LIMITED,FY2024-25,3.4288142,3.4288142,0.0,Maharashtra,PENDING,PENDING,PENDING,PENDING,,,,PENDING
236,NATIONAL SCHEDULED CASTES FINANCE AND DEVELOPMENT CORPORATION,FY2024-25,1.1109883,0.1813043,0.929684,"Delhi, Jharkhand, Madhya Pradesh, Maharashtra, Pan India, Punjab, Rajasthan, Uttar Pradesh",PENDING,PENDING,PENDING,PENDING,,,,PENDING
237,RELIANCE INDUSTRIES LIMITED,FY2023-24,63.1405181,63.1405181,0.0,Pan India,PENDING,PENDING,PENDING,PENDING,,,,PENDING
238,BAYER VAPI PRIVATE LIMITED,FY2024-25,3.2082075,3.2082075,0.0,Gujarat,PENDING,PENDING,PENDING,PENDING,,,,PENDING
239,MAGADH SUGAR & ENERGY LIMITED,FY2024-25,0.678013522,0.394038522,0.283975,Bihar,PENDING,PENDING,PENDING,PENDING,,,,PENDING
240,BRY- AIR (ASIA) PRIVATE LIMITED,FY2024-25,0.7077904,0.3464771,0.3613133,"Delhi, Haryana, Rajasthan",PENDING,PENDING,PENDING,PENDING,,,,PENDING
241,MYTHRI INFRASTRUCTURE AND MINING INDIA PRIVATE LIMITED,FY2024-25,0.5844857,0.5532031,0.0312826,"Andhra Pradesh, Odisha",PENDING,PENDING,PENDING,PENDING,,,,PENDING
242,TITAN ENGINEERING & AUTOMATION LIMITED,FY2024-25,2.309204775,0.31,1.999204775,Tamil Nadu,PENDING,PENDING,PENDING,PENDING,,,,PENDING
243,MANN AND HUMMEL FILTER PRIVATE LIMITED,FY2024-25,0.5713069,0.5713069,0.0,Karnataka,PENDING,PENDING,PENDING,PENDING,,,,PENDING
244,ANJANEY FERRO ALLOYS LTD.,FY2023-24,0.842327617,0.772327617,0.07,Jharkhand,PENDING,PENDING,PENDING,PENDING,,,,PENDING
245,INDIANOIL ADANI VENTURES LIMITED,FY2024-25,0.6097726,0.4772672,0.1325054,"Chhattisgarh, Maharashtra, Odisha",PENDING,PENDING,PENDING,PENDING,,,,PENDING
246,ANTRIX CORPORATION LIMITED,FY2021-22,5.885868,0.923868,4.962,"Andhra Pradesh, Arunachal Pradesh, Karnataka, Kerala, Meghalaya, Rajasthan, Tamil Nadu",PENDING,PENDING,PENDING,PENDING,,,,PENDING
247,FINOLEX CABLES LIMITED,FY2023-24,0.8424312,0.7332644,0.1091668,"Maharashtra, Uttarakhand",PENDING,PENDING,PENDING,PENDING,,,,PENDING
248,SPECTRUM ETHERS PRIVATE LIMITED,FY2024-25,0.609568137,0.458860537,0.1507076,Maharashtra,PENDING,PENDING,PENDING,PENDING,,,,PENDING
249,VA TECH WABAG LIMITED,FY2022-23,2.6383,0.4141,2.2242,"Andhra Pradesh, Delhi, Karnataka, Tamil Nadu, Telangana, Uttarakhand, West Bengal",PENDING,PENDING,PENDING,PENDING,,,,PENDING
250,SUNDRAM FASTENERS LIMITED,FY2024-25,1.37,0.5,0.87,Tamil Nadu,PENDING,PENDING,PENDING,PENDING,,,,PENDING
251,MAHINDRA RURAL HOUSING FINANCE LIMITED,FY2022-23,3.0065321000000003,0.3606921,2.64584,"Maharashtra, Pan India, Tamil Nadu",PENDING,PENDING,PENDING,PENDING,,,,PENDING
252,CALIBRE CHEMICALS PRIVATE LIMITED,FY2024-25,0.73449,0.2739999,0.4604901,Gujarat,PENDING,PENDING,PENDING,PENDING,,,,PENDING
253,EXIDE INDUSTRIES LIMITED,FY2021-22,12.61,0.49,12.12,"Haryana, Maharashtra, Pan India, Tamil Nadu, West Bengal",PENDING,PENDING,PENDING,PENDING,,,,PENDING
254,THE ANDHRA SUGARS LIMITED,FY2024-25,0.6692562,0.3242562,0.345,Andhra Pradesh,PENDING,PENDING,PENDING,PENDING,,,,PENDING
255,MAHARASHTRA ENVIRO POWER LIMITED,FY2024-25,0.5160543,0.5160543,0.0,Maharashtra,PENDING,PENDING,PENDING,PENDING,,,,PENDING
256,SRI DURGA CONDEV PRIVATE LIMITED,FY2022-23,1.1824819,1.1824819,0.0,Odisha,PENDING,PENDING,PENDING,PENDING,,,,PENDING
257,PRIVI SPECIALITY CHEMICALS LIMITED,FY2024-25,0.9424,0.8758,0.0666,"Gujarat, Maharashtra",PENDING,PENDING,PENDING,PENDING,,,,PENDING
258,BHOOMI RESOURCES PRIVATE LIMITED,FY2024-25,0.5551956,0.4551956,0.1,"Karnataka, Maharashtra",PENDING,PENDING,PENDING,PENDING,,,,PENDING
259,INDRAPRASTHA GAS LIMITED,FY2024-25,4.833769,0.049875,4.783894,"Delhi, Haryana, Rajasthan, Uttarakhand",PENDING,PENDING,PENDING,PENDING,,,,PENDING
260,KEMIN INDUSTRIES SOUTH ASIA PRIVATE LIMITED,FY2024-25,0.8598706,0.1853404,0.6745302,Tamil Nadu,PENDING,PENDING,PENDING,PENDING,,,,PENDING
261,ASI INDUSTRIES LIMITED,FY2024-25,0.5157254,0.4948254,0.0209,Rajasthan,PENDING,PENDING,PENDING,PENDING,,,,PENDING
262,NSE DATA & ANALYTICS LIMITED,FY2023-24,1.3741874,0.2372766,1.1369108,"Jharkhand, Kerala, Madhya Pradesh, Maharashtra, Pan India, Rajasthan, Tamil Nadu, West Bengal",PENDING,PENDING,PENDING,PENDING,,,,PENDING
263,UNITED STATES PHARMACOPEIA - INDIA PRIVATE LIMITED,FY2024-25,0.5011751999999999,0.5011751999999999,0.0,Telangana,PENDING,PENDING,PENDING,PENDING,,,,PENDING
264,ODISHA POWER GENERATION CORPORATION LIMITED,FY2024-25,2.1269267,2.1269267,0.0,Odisha,PENDING,PENDING,PENDING,PENDING,,,,PENDING
265,KOMATSU INDIA PRIVATE LIMITED,FY2024-25,2.141323774,1.976564174,0.1647596,"Maharashtra, Tamil Nadu",PENDING,PENDING,PENDING,PENDING,,,,PENDING
266,SOLARA ACTIVE PHARMA SCIENCES LIMITED,FY2023-24,2.1406557,0.608,1.5326556999999998,"Pan India, Puducherry",PENDING,PENDING,PENDING,PENDING,,,,PENDING
267,NOSCH LABS PRIVATE LIMITED,FY2024-25,1.4446016000000002,0.0929516,1.35165,Telangana,PENDING,PENDING,PENDING,PENDING,,,,PENDING
268,SASMOS HET TECHNOLOGIES LIMITED,FY2024-25,0.4974994,0.4974994,0.0,Karnataka,PENDING,PENDING,PENDING,PENDING,,,,PENDING
269,NETCRACKER TECHNOLOGY SOLUTIONS (INDIA) PRIVATE LIMITED,FY2024-25,0.8413,0.7713000000000001,0.07,"Haryana, Karnataka, Maharashtra, Telangana",PENDING,PENDING,PENDING,PENDING,,,,PENDING
270,ASTRAL LIMITED,FY2024-25,1.0690457,0.4390064999999999,0.6300391999999999,"Gujarat, Maharashtra",PENDING,PENDING,PENDING,PENDING,,,,PENDING
271,MB POWER (MADHYA PRADESH) LIMITED,FY2024-25,1.9043137,1.9043137,0.0,"Madhya Pradesh, Uttar Pradesh",PENDING,PENDING,PENDING,PENDING,,,,PENDING
272,S.J.S. ENTERPRISES LIMITED,FY2024-25,0.8273249,0.1544033,0.6729216,Karnataka,PENDING,PENDING,PENDING,PENDING,,,,PENDING
273,ODISHA COAL AND POWER LIMITED,FY2024-25,0.653266,0.2393007999999999,0.4139652,Odisha,PENDING,PENDING,PENDING,PENDING,,,,PENDING
274,SUTLEJ TEXTILES AND INDUSTRIES LIMITED,FY2023-24,5.3955,5.3259,0.0696,"Himachal Pradesh, Jammu And Kashmir, Madhya Pradesh, Rajasthan",PENDING,PENDING,PENDING,PENDING,,,,PENDING
275,A ONE ISPAT PRIVATE LIMITED,FY2024-25,0.4868647,0.4868647,0.0,"Andhra Pradesh, Delhi, Karnataka",PENDING,PENDING,PENDING,PENDING,,,,PENDING
276,SYNGENTA INDIA LIMITED,FY2020-21,8.4846,2.0799,6.4047,"Andhra Pradesh, Bihar, Goa, Karnataka, Maharashtra, Pan India, Rajasthan, Uttar Pradesh",PENDING,PENDING,PENDING,PENDING,,,,PENDING
277,NSE INVESTMENTS LIMITED,FY2022-23,1.6861094,0.3912593,1.2948501,"Bihar, Jharkhand, Kerala, Madhya Pradesh, Maharashtra, Pan India, Rajasthan, Tamil Nadu, West Bengal",PENDING,PENDING,PENDING,PENDING,,,,PENDING
278,GAIL GAS LIMITED,FY2024-25,0.9566565,0.1265165,0.83014,"Haryana, Madhya Pradesh, Odisha",PENDING,PENDING,PENDING,PENDING,,,,PENDING
279,CHENNAI PETROLEUM CORPORATION LIMITED,FY2024-25,4.2374,0.4866,3.7508,Tamil Nadu,PENDING,PENDING,PENDING,PENDING,,,,PENDING
280,INLAND POWER LIMITED,FY2024-25,0.5636869,0.3012996,0.2623873,Jharkhand,PENDING,PENDING,PENDING,PENDING,,,,PENDING
281,MAHANADI COALFIELDS LIMITED,FY2024-25,14.850555982999998,13.855014882,0.995541101,Odisha,PENDING,PENDING,PENDING,PENDING,,,,PENDING
282,PRINCE PIPES AND FITTINGS LIMITED,FY2024-25,1.7632738,1.7632738,0.0,"Gujarat, Rajasthan",PENDING,PENDING,PENDING,PENDING,,,,PENDING
283,ASVINI FISHERIES PRIVATE LIMITED,FY2024-25,0.7573228,0.7537734,0.0035494,"Andhra Pradesh, Tamil Nadu",PENDING,PENDING,PENDING,PENDING,,,,PENDING
284,VISAKA INDUSTRIES LTD.,FY2024-25,1.90235208,1.26282538,0.6395267,"Telangana, West Bengal",PENDING,PENDING,PENDING,PENDING,,,,PENDING
285,FERRO ALLOYS CORPORATION LIMITED,FY2023-24,1.2165399,1.1909399,0.0256,Odisha,PENDING,PENDING,PENDING,PENDING,,,,PENDING
286,TOYODA GOSEI SOUTH INDIA PRIVATE LIMITED,FY2024-25,0.7438838,0.7438838,0.0,Karnataka,PENDING,PENDING,PENDING,PENDING,,,,PENDING
287,THE METAL POWDER COMPANY LIMITED,FY2024-25,0.6518327,0.2022862,0.4495465,Tamil Nadu,PENDING,PENDING,PENDING,PENDING,,,,PENDING
288,KOGTA FINANCIAL (INDIA) LTD,FY2024-25,0.4532474999999999,0.4511475,0.0021,Rajasthan,PENDING,PENDING,PENDING,PENDING,,,,PENDING
289,INDO COUNT INDUSTRIES LIMITED,FY2024-25,3.7138235,0.0359,3.6779235,"Maharashtra, Pan India",PENDING,PENDING,PENDING,PENDING,,,,PENDING
290,LANXESS INDIA PRIVATE LIMITED,FY2024-25,0.497388,0.348,0.149388,"Gujarat, Madhya Pradesh",PENDING,PENDING,PENDING,PENDING,,,,PENDING
291,BRAHMANI RIVER PELLETS LIMITED,FY2022-23,0.9049193,0.8849193,0.02,"Odisha, Pan India",PENDING,PENDING,PENDING,PENDING,,,,PENDING
292,INDIANOIL PETRONAS PRIVATE LIMITED,FY2020-21,3.59486,3.28486,0.31,"Tamil Nadu, West Bengal",PENDING,PENDING,PENDING,PENDING,,,,PENDING
293,TATA COFFEE LIMITED,FY2022-23,0.9031,0.8205,0.0825999999999999,"Karnataka, Pan India, Tamil Nadu",PENDING,PENDING,PENDING,PENDING,,,,PENDING
294,BMM ISPAT LIMITED,FY2024-25,0.9557613,0.3680138,0.5877475,Karnataka,PENDING,PENDING,PENDING,PENDING,,,,PENDING
295,BRIDGESTONE INDIA PRIVATE LIMITED,FY2024-25,0.712827,0.1425,0.570327,"Madhya Pradesh, Maharashtra, Pan India",PENDING,PENDING,PENDING,PENDING,,,,PENDING
296,TECHNICO AGRI SCIENCES LIMITED,FY2024-25,1.4295557,1.4295557,0.0,"Bihar, Gujarat, Haryana, Punjab, Uttar Pradesh, West Bengal",PENDING,PENDING,PENDING,PENDING,,,,PENDING
297,EPSON INDIA PRIVATE LIMITED,FY2024-25,1.4027368,1.4027368,0.0,Karnataka,PENDING,PENDING,PENDING,PENDING,,,,PENDING
298,L&T HYDROCARBON ENGINEERING LIMITED,FY2020-21,7.12,0.88,6.24,"Gujarat, Maharashtra, Odisha, Tamil Nadu",PENDING,PENDING,PENDING,PENDING,,,,PENDING
299,CANPACK INDIA PRIVATE LIMITED,FY2023-24,3.0324668,3.0324668,0.0,Maharashtra,PENDING,PENDING,PENDING,PENDING,,,,PENDING
300,JINDAL STEEL LIMITED,FY2024-25,6.07,6.07,0.0,Odisha,PENDING,PENDING,PENDING,PENDING,,,,PENDING
301,NITIN SPINNERS LIMITED,FY2024-25,1.159415,0.075015,1.0844,Rajasthan,PENDING,PENDING,PENDING,PENDING,,,,PENDING
302,DELHI MSW SOLUTIONS LIMITED,FY2024-25,1.3384048999999998,1.3371881,0.0012168,"Chhattisgarh, Delhi, Karnataka, Telangana",PENDING,PENDING,PENDING,PENDING,,,,PENDING
303,LUX INDUSTRIES LIMITED,FY2022-23,0.803,0.803,0.0,West Bengal,PENDING,PENDING,PENDING,PENDING,,,,PENDING
304,L&T REALTY DEVELOPERS LIMITED,FY2022-23,1.1651915,0.3710859999999999,0.7941054999999999,"Karnataka, Maharashtra",PENDING,PENDING,PENDING,PENDING,,,,PENDING
305,RADICO NV DISTILLERIES MAHARASHTRA LIMITED,FY2023-24,0.57458808,0.50267808,0.0719099999999999,Maharashtra,PENDING,PENDING,PENDING,PENDING,,,,PENDING
306,HALDIA ENERGY LIMITED,FY2023-24,1.0030912,1.0030912,0.0,West Bengal,PENDING,PENDING,PENDING,PENDING,,,,PENDING
307,NELCAST LIMITED,FY2024-25,0.41762,0.41762,0.0,Andhra Pradesh,PENDING,PENDING,PENDING,PENDING,,,,PENDING
308,PI INDUSTRIES LIMITED,FY2024-25,5.481599999999999,0.0786,5.403,"Gujarat, Pan India",PENDING,PENDING,PENDING,PENDING,,,,PENDING
309,HINDUJA NATIONAL POWER CORPORATION LTD,FY2024-25,0.4237974,0.3895773999999999,0.03422,Andhra Pradesh,PENDING,PENDING,PENDING,PENDING,,,,PENDING
310,PSN MEDICARE PRIVATE LIMITED,FY2024-25,0.64804045,0.1512781,0.49676235,Telangana,PENDING,PENDING,PENDING,PENDING,,,,PENDING
311,DEUTSCHE INDIA PRIVATE LIMITED,FY2024-25,4.6003454,4.6003454,0.0,Maharashtra,PENDING,PENDING,PENDING,PENDING,,,,PENDING
312,RIMJHIM ISPAT LIMITED,FY2024-25,2.08605,0.45,1.63605,"Delhi, Uttar Pradesh",PENDING,PENDING,PENDING,PENDING,,,,PENDING
313,APOLLO HOSPITALS ENTERPRISE LIMITED,FY2021-22,4.106,3.877,0.229,"Andhra Pradesh, Tamil Nadu, Telangana",PENDING,PENDING,PENDING,PENDING,,,,PENDING
314,SIGACHI INDUSTRIES LIMITED,FY2024-25,1.2059801,1.2059801,0.0,"Gujarat, Telangana",PENDING,PENDING,PENDING,PENDING,,,,PENDING
315,HOUSING AND URBAN DEVELOPMENT CORPORATION LIMITED,FY2024-25,4.690153598,2.591602978,2.09855062,"Andhra Pradesh, Delhi, Madhya Pradesh, Sikkim, Tamil Nadu",PENDING,PENDING,PENDING,PENDING,,,,PENDING
316,HALDIRAM FOODS INTERNATIONAL PRIVATE LIMITED,FY2023-24,2.5371752,1.8674252,0.66975,Maharashtra,PENDING,PENDING,PENDING,PENDING,,,,PENDING
317,MAHI GRANITES PRIVATE LIMITED,FY2024-25,1.1470386,1.1470386,0.0,Telangana,PENDING,PENDING,PENDING,PENDING,,,,PENDING
318,EENADU TELEVISION PRIVATE LIMITED,FY2020-21,4.01,0.71,3.3,"Andhra Pradesh, Telangana",PENDING,PENDING,PENDING,PENDING,,,,PENDING
319,KALBURGI CEMENT PRIVATE LIMITED,FY2023-24,1.2330897,0.4434682,0.7896215,Karnataka,PENDING,PENDING,PENDING,PENDING,,,,PENDING
320,RAILTEL CORPORATION OF INDIA LIMITED,FY2024-25,0.95186,0.2397999999999999,0.71206,"Bihar, Jammu And Kashmir, Maharashtra, Rajasthan, Tripura, West Bengal",PENDING,PENDING,PENDING,PENDING,,,,PENDING
321,KUMBAKONAM MUTUAL BENEFIT FUND NIDHI LIMITED,FY2023-24,1.9569692,0.0766323,1.8803369,Tamil Nadu,PENDING,PENDING,PENDING,PENDING,,,,PENDING
322,CHAITANYA INDIA FIN CREDIT PRIVATE LIMITED,FY2024-25,1.1215816,1.1215816,0.0,"Bihar, Chhattisgarh, Gujarat, Haryana, Jharkhand, Karnataka, Madhya Pradesh, Maharashtra, Rajasthan, Tamil Nadu, Uttar Pradesh",PENDING,PENDING,PENDING,PENDING,,,,PENDING
323,SPR AUTO TECHNOLOGIES LIMITED,FY2024-25,1.159749484,0.985446347,0.174303137,"Rajasthan, Uttar Pradesh",PENDING,PENDING,PENDING,PENDING,,,,PENDING
324,SOUTHERN PETROCHEMICAL INDUSTRIES CORPORATION LIMITED,FY2024-25,0.593098,0.593098,0.0,"Andhra Pradesh, Tamil Nadu",PENDING,PENDING,PENDING,PENDING,,,,PENDING
325,BLACK & VEATCH PRIVATE LIMITED,FY2024-25,0.52145,0.17245,0.349,Maharashtra,PENDING,PENDING,PENDING,PENDING,,,,PENDING
326,ZUARI AGRO CHEMICALS LIMITED,FY2021-22,1.1603,0.8945,0.2658,Goa,PENDING,PENDING,PENDING,PENDING,,,,PENDING
327,ENDURANCE TECHNOLOGIES LIMITED,FY2024-25,0.9476362,0.0696652,0.877971,Maharashtra,PENDING,PENDING,PENDING,PENDING,,,,PENDING
328,BAYER CROPSCIENCE LIMITED,FY2024-25,3.2308441,3.0778441,0.153,"Karnataka, Madhya Pradesh, Maharashtra, Pan India, Uttar Pradesh",PENDING,PENDING,PENDING,PENDING,,,,PENDING
329,INTERNATIONAL TRACTORS LIMITED,FY2024-25,0.3741821,0.3741821,0.0,"Delhi, Punjab",PENDING,PENDING,PENDING,PENDING,,,,PENDING
330,CHALIMEDA FEEDS PRIVATE LIMITED,FY2023-24,2.0062,2.0062,0.0,Telangana,PENDING,PENDING,PENDING,PENDING,,,,PENDING
331,KIOCL LIMITED,FY2022-23,0.8928697999999999,0.3768698,0.516,Karnataka,PENDING,PENDING,PENDING,PENDING,,,,PENDING
332,TOYOTA KIRLOSKAR AUTO PARTS PRIVATE LIMITED,FY2024-25,1.057872,1.057872,0.0,Karnataka,PENDING,PENDING,PENDING,PENDING,,,,PENDING
333,PERKINS INDIA PRIVATE LIMITED,FY2024-25,0.9874,0.2,0.7874,Maharashtra,PENDING,PENDING,PENDING,PENDING,,,,PENDING
334,CENTRAL U.P. GAS LIMITED,FY2023-24,1.90656,0.0692,1.83736,Uttar Pradesh,PENDING,PENDING,PENDING,PENDING,,,,PENDING
335,AMBIKA COTTON MILLS LIMITED,FY2024-25,1.0210622,1.0210622,0.0,Tamil Nadu,PENDING,PENDING,PENDING,PENDING,,,,PENDING
336,UNITED SPIRITS LIMITED,FY2023-24,7.4023081,0.1009538,7.3013543,"Delhi, Maharashtra, Odisha, Rajasthan, Telangana, Uttar Pradesh",PENDING,PENDING,PENDING,PENDING,,,,PENDING
337,SEIL ENERGY INDIA LIMITED,FY2024-25,1.008060262,1.008060262,0.0,Andhra Pradesh,PENDING,PENDING,PENDING,PENDING,,,,PENDING
338,TATA POWER DELHI DISTRIBUTION LIMITED,FY2024-25,0.54899761,0.54899761,0.0,Delhi,PENDING,PENDING,PENDING,PENDING,,,,PENDING
339,HARMONY PLASTICS PRIVATE LIMITED,FY2024-25,0.5478039,0.5453039,0.0025,Rajasthan,PENDING,PENDING,PENDING,PENDING,,,,PENDING
340,Ccl Products (India) Limited,FY2020-21,2.6225302,0.7425291,1.8800011,"Andhra Pradesh, Arunachal Pradesh, Pan India",PENDING,PENDING,PENDING,PENDING,,,,PENDING
341,NHDC LIMITED,FY2019-20,4.9427,4.4953,0.4474,Madhya Pradesh,PENDING,PENDING,PENDING,PENDING,,,,PENDING
342,ZF COMMERCIAL VEHICLE CONTROL SYSTEMS INDIA LIMITED,FY2024-25,0.7094999999999999,0.0823,0.6272,"Jharkhand, Tamil Nadu, Uttar Pradesh",PENDING,PENDING,PENDING,PENDING,,,,PENDING
343,VIMALA FEEDS PRIVATE LIMITED,FY2023-24,1.7663,1.7663,0.0,Telangana,PENDING,PENDING,PENDING,PENDING,,,,PENDING
344,NEOGEN CHEMICALS LIMITED,FY2024-25,0.3560232259999999,0.3360232259999999,0.02,"Gujarat, Maharashtra",PENDING,PENDING,PENDING,PENDING,,,,PENDING
345,GUJARAT MINERAL DEVELOPMENT CORPORATION LIMITED,FY2021-22,2.5199,2.5199,0.0,Gujarat,PENDING,PENDING,PENDING,PENDING,,,,PENDING
346,SRIPATHI PAPER AND BOARDS PRIVATE LIMITED,FY2024-25,0.52913,0.52913,0.0,Tamil Nadu,PENDING,PENDING,PENDING,PENDING,,,,PENDING
347,MISRILALL MINES PRIVATE LIMITED,FY2024-25,0.5368701,0.5178701,0.019,Odisha,PENDING,PENDING,PENDING,PENDING,,,,PENDING
348,ARCHEAN CHEMICAL INDUSTRIES LIMITED,FY2023-24,1.7082347999999998,1.7082347999999998,0.0,Gujarat,PENDING,PENDING,PENDING,PENDING,,,,PENDING
349,HONDA MOTORCYCLE AND SCOOTER INDIA PVT LTD,FY2019-20,4.406,2.661,1.745,"Gujarat, Haryana, Karnataka, Rajasthan",PENDING,PENDING,PENDING,PENDING,,,,PENDING
350,GROWEL FEEDS PRIVATE LIMITED,FY2024-25,0.5135207,0.5135207,0.0,Andhra Pradesh,PENDING,PENDING,PENDING,PENDING,,,,PENDING
351,CHLORIDE METALS LIMITED,FY2022-23,1.1460201,0.1901,0.9559201,"Karnataka, Maharashtra",PENDING,PENDING,PENDING,PENDING,,,,PENDING
352,L&T - MHI POWER BOILERS PRIVATE LIMITED,FY2022-23,3.8535735,2.5635735,1.29,Gujarat,PENDING,PENDING,PENDING,PENDING,,,,PENDING
353,CLEARCORP DEALING SYSTEMS (INDIA) LIMITED,FY2023-24,0.6962999999999999,0.6962999999999999,0.0,Maharashtra,PENDING,PENDING,PENDING,PENDING,,,,PENDING
354,HONEYWELL AUTOMATION INDIA LIMITED,FY2020-21,6.24,6.24,0.0,"Pan India, Telangana",PENDING,PENDING,PENDING,PENDING,,,,PENDING
355,GIA INDIA LABORATORY PRIVATE LIMITED,FY2022-23,3.0673,3.0673,0.0,"Gujarat, Madhya Pradesh, Maharashtra",PENDING,PENDING,PENDING,PENDING,,,,PENDING
356,HINDWARE LIMITED,FY2024-25,3.0680072,0.01357,3.0544372,"Bihar, Delhi, Kerala, Maharashtra, Pan India, Telangana, Uttarakhand",PENDING,PENDING,PENDING,PENDING,,,,PENDING
357,MARGADARSI CHIT FUND PRIVATE LIMITED,FY2019-20,3.7454749,1.5412766,2.2041983,"Andhra Pradesh, Telangana",PENDING,PENDING,PENDING,PENDING,,,,PENDING
358,CG POWER AND INDUSTRIAL SOLUTIONS LIMITED,FY2024-25,2.8797597,0.71,2.1697597,Maharashtra,PENDING,PENDING,PENDING,PENDING,,,,PENDING
359,NATCO PHARMA LIMITED,FY2024-25,0.59897,0.27897,0.32,"Andhra Pradesh, Telangana",PENDING,PENDING,PENDING,PENDING,,,,PENDING
360,GIC HOUSING FINANCE LIMITED,FY2024-25,0.68063875,0.2107622499999999,0.4698765,"Kerala, Maharashtra, Pan India, West Bengal",PENDING,PENDING,PENDING,PENDING,,,,PENDING
361,SCHREIBER DYNAMIX DAIRIES PRIVATE LIMITED,FY2024-25,0.4877379,0.4677379,0.02,Maharashtra,PENDING,PENDING,PENDING,PENDING,,,,PENDING
362,NESCO LIMITED,FY2022-23,2.6817,2.5717,0.11,Gujarat,PENDING,PENDING,PENDING,PENDING,,,,PENDING
363,KALYANI TECHNOFORGE LIMITED,FY2023-24,1.0526631699999998,0.0735,0.97916317,Maharashtra,PENDING,PENDING,PENDING,PENDING,,,,PENDING
364,RASHTRIYA CHEMICALS AND FERTILIZERS LIMITED,FY2019-20,2.6136,2.1475,0.4661,Maharashtra,PENDING,PENDING,PENDING,PENDING,,,,PENDING
365,HINDUJA GLOBAL SOLUTIONS LIMITED,FY2024-25,1.71,1.71,0.0,"Gujarat, Karnataka, Rajasthan, Uttarakhand",PENDING,PENDING,PENDING,PENDING,,,,PENDING
366,RASHTRIYA ISPAT NIGAM LTD,FY2022-23,2.9776977,0.06,2.9176977,"Andhra Pradesh, Telangana",PENDING,PENDING,PENDING,PENDING,,,,PENDING
367,TOYOTA BOSHOKU AUTOMOTIVE INDIA PRIVATE LIMITED,FY2022-23,0.9139433,0.9139433,0.0,"Karnataka, Tamil Nadu",PENDING,PENDING,PENDING,PENDING,,,,PENDING
368,GRANULES INDIA LIMITED,FY2022-23,1.0222605,0.6464605,0.3758,"Andhra Pradesh, Telangana",PENDING,PENDING,PENDING,PENDING,,,,PENDING
369,SUN PHARMA LABORATORIES LIMITED,FY2024-25,0.466005898,0.414005898,0.052,"Gujarat, Himachal Pradesh, Jammu And Kashmir, Maharashtra, Sikkim",PENDING,PENDING,PENDING,PENDING,,,,PENDING
370,SUMITOMO CHEMICAL INDIA LIMITED,FY2024-25,0.5438000000000001,0.268,0.2758,"Gujarat, Pan India",PENDING,PENDING,PENDING,PENDING,,,,PENDING
371,POWERICA LIMITED,FY2024-25,0.75286,0.5908599999999999,0.1619999999999999,"Karnataka, Maharashtra, Rajasthan",PENDING,PENDING,PENDING,PENDING,,,,PENDING
372,HPCL-MITTAL PIPELINES LIMITED,FY2023-24,0.4435023,0.2670023,0.1765,"Gujarat, Punjab, Rajasthan",PENDING,PENDING,PENDING,PENDING,,,,PENDING
373,WECKERLE COSMETICS INDIA PRIVATE LIMITED,FY2024-25,0.3026844,0.2770966,0.0255878,Uttarakhand,PENDING,PENDING,PENDING,PENDING,,,,PENDING
374,B C MOHANTY AND SONS PVT LTD,FY2024-25,0.4481504,0.4481504,0.0,Odisha,PENDING,PENDING,PENDING,PENDING,,,,PENDING
375,BEKEM INFRA PROJECTS PRIVATE LIMITED,FY2022-23,0.87912,0.84592,0.0332,"Karnataka, Telangana",PENDING,PENDING,PENDING,PENDING,,,,PENDING
376,MAITHON POWER LIMITED,FY2020-21,3.3480872,3.3480872,0.0,Jharkhand,PENDING,PENDING,PENDING,PENDING,,,,PENDING
377,NETAPP INDIA PRIVATE LIMITED,FY2022-23,1.3581276,0.3581276,1.0,Karnataka,PENDING,PENDING,PENDING,PENDING,,,,PENDING
378,TATA INTERNATIONAL VEHICLE APPLICATIONS PRIVATE LIMITED,FY2024-25,0.6598917,0.0549344,0.6049573,"Maharashtra, Rajasthan",PENDING,PENDING,PENDING,PENDING,,,,PENDING
379,ANDHRA PRADESH SOLAR POWER CORPORATION PRIVATE LIMITED,FY2023-24,1.072971,1.072971,0.0,Andhra Pradesh,PENDING,PENDING,PENDING,PENDING,,,,PENDING
380,BAXTER PHARMACEUTICALS INDIA PRIVATE LIMITED,FY2023-24,3.1700500000000003,3.1606,0.00945,Gujarat,PENDING,PENDING,PENDING,PENDING,,,,PENDING
381,HIL LIMITED,FY2022-23,0.8509718000000001,0.1656,0.6853718,"Andhra Pradesh, Haryana, Himachal Pradesh, Jharkhand, Maharashtra, Odisha, Tamil Nadu, Telangana, Uttar Pradesh",PENDING,PENDING,PENDING,PENDING,,,,PENDING
382,KOLORS INDIA PRIVATE LIMITED,FY2024-25,0.4507851,0.3736070999999999,0.077178,Pan India,PENDING,PENDING,PENDING,PENDING,,,,PENDING
383,MANGALORE REFINERY AND PETROCHEMICALSLIMITED,FY2020-21,9.7222,0.7331,8.9891,Karnataka,PENDING,PENDING,PENDING,PENDING,,,,PENDING
384,GANGAVARAM PORT LIMITED,FY2021-22,0.9816,0.3196,0.662,Andhra Pradesh,PENDING,PENDING,PENDING,PENDING,,,,PENDING
385,GATEWAY RAIL FREIGHT LIMITED,FY2019-20,1.99369655,1.9100935,0.08360305,"Gujarat, Haryana",PENDING,PENDING,PENDING,PENDING,,,,PENDING
386,VISION SPONGE IRON PRIVATE LIMITED,FY2024-25,0.8659631999999999,0.1011,0.7648632,West Bengal,PENDING,PENDING,PENDING,PENDING,,,,PENDING
387,NMDC LIMITED,FY2024-25,1.3871,1.3871,0.0,"Chhattisgarh, Karnataka, Madhya Pradesh",PENDING,PENDING,PENDING,PENDING,,,,PENDING
388,TRIVENI ENGINEERING AND INDUSTRIES LIMITED,FY2024-25,0.441278,0.381978,0.0593,Uttar Pradesh,PENDING,PENDING,PENDING,PENDING,,,,PENDING
389,SOUTH WEST PORT LIMITED,FY2024-25,1.705224725,0.015,1.690224725,Goa,PENDING,PENDING,PENDING,PENDING,,,,PENDING
390,TOYOTA TSUSHO INSURANCE BROKER INDIA PRIVATE LIMITED,FY2024-25,0.4228908999999999,0.4228908999999999,0.0,Karnataka,PENDING,PENDING,PENDING,PENDING,,,,PENDING
391,UTI INFRASTRUCTURE TECHNOLOGY AND SERVICES LIMITED,FY2024-25,0.8235118,0.3915118,0.432,"Chhattisgarh, Madhya Pradesh, Maharashtra, West Bengal",PENDING,PENDING,PENDING,PENDING,,,,PENDING
392,TATA CAPITAL HOUSING FINANCE LIMITED,FY2024-25,0.70747,0.512,0.19547,"Karnataka, Maharashtra, Tamil Nadu",PENDING,PENDING,PENDING,PENDING,,,,PENDING
393,UTILITY POWERTECH LIMITED,FY2023-24,0.3596616,0.3587616,0.0009,"Bihar, Chhattisgarh, Haryana, Madhya Pradesh, Maharashtra, Odisha, Pan India, Uttar Pradesh, West Bengal",PENDING,PENDING,PENDING,PENDING,,,,PENDING
394,NEWSPACE INDIA LIMITED,FY2024-25,0.5438345,0.0621016999999999,0.4817328,"Andhra Pradesh, Karnataka, Tamil Nadu",PENDING,PENDING,PENDING,PENDING,,,,PENDING
395,ALUMINIUM POWDER COMPANY LIMITED,FY2024-25,0.275478656,0.275478656,0.0,Tamil Nadu,PENDING,PENDING,PENDING,PENDING,,,,PENDING
396,CHETTINAD CEMENT CORPORATION PRIVATE LIMITED,FY2024-25,0.407720663,0.3877206629999999,0.02,"Andhra Pradesh, Pan India, Tamil Nadu",PENDING,PENDING,PENDING,PENDING,,,,PENDING
397,PARADEEP PHOSPHATES LTD,FY2024-25,1.50969628,0.1531816,1.35651468,"Goa, Odisha",PENDING,PENDING,PENDING,PENDING,,,,PENDING
398,KOVAI MEDICAL CENTER AND HOSPITAL LIMITED,FY2024-25,2.1710807,0.0095665,2.1615142,Tamil Nadu,PENDING,PENDING,PENDING,PENDING,,,,PENDING
399,MAA MAHAMAYA INDUSTRIES LIMITED,FY2024-25,0.6219,0.6219,0.0,Andhra Pradesh,PENDING,PENDING,PENDING,PENDING,,,,PENDING
400,TATA MOTORS PASSENGER VEHICLES LIMITED,FY2024-25,1.3333498,0.866985,0.4663648,"Maharashtra, Uttar Pradesh",PENDING,PENDING,PENDING,PENDING,,,,PENDING
401,NTPC-SAIL POWER COMPANY LIMITED,FY2024-25,3.1715,0.0278,3.1437,Chhattisgarh,PENDING,PENDING,PENDING,PENDING,,,,PENDING
402,HERMES DISTILLERY PRIVATE LIMITED,FY2024-25,1.17930776,1.17930776,0.0,Karnataka,PENDING,PENDING,PENDING,PENDING,,,,PENDING
403,INTEL TECHNOLOGY INDIA PRIVATE LIMITED,FY2023-24,2.359125,2.302875,0.05625,"Gujarat, Jharkhand, Karnataka, Odisha",PENDING,PENDING,PENDING,PENDING,,,,PENDING
404,G4S SECURE SOLUTIONS (INDIA) PRIVATE LIMITED,FY2024-25,0.8610140000000001,0.027494,0.83352,"Haryana, Maharashtra",PENDING,PENDING,PENDING,PENDING,,,,PENDING
405,WILO MATHER AND PLATT PUMPS PRIVATE LIMITED,FY2022-23,0.4787086,0.3987086,0.08,"Delhi, Madhya Pradesh, Maharashtra",PENDING,PENDING,PENDING,PENDING,,,,PENDING
406,MINERAL EXPLORATION CORPORATION LIMITED,FY2020-21,0.925101448,0.8936,0.031501448,"Andhra Pradesh, Chhattisgarh, Odisha, Pan India",PENDING,PENDING,PENDING,PENDING,,,,PENDING
407,STANDARD CHARTERED GLOBAL BUSINESS SERVICES PRIVATE LIMITED,FY2024-25,1.16586,1.16586,0.0,"Karnataka, Pan India",PENDING,PENDING,PENDING,PENDING,,,,PENDING
408,APARNA CONSTRUCTIONS AND ESTATES PRIVATE LIMITED,FY2022-23,9.437,9.437,0.0,Telangana,PENDING,PENDING,PENDING,PENDING,,,,PENDING
409,VEM TECHNOLOGIES PRIVATE LIMITED,FY2024-25,1.2999,0.8475,0.4524,Telangana,PENDING,PENDING,PENDING,PENDING,,,,PENDING
410,TOYOTA MATERIAL HANDLING INDIA PRIVATE LIMITED,FY2023-24,0.4725934,0.1549139,0.3176795,"Haryana, Karnataka, Maharashtra, Tamil Nadu",PENDING,PENDING,PENDING,PENDING,,,,PENDING
411,QUAKER CHEMICAL INDIA PRIVATE LIMITED,FY2023-24,0.35,0.3,0.05,West Bengal,PENDING,PENDING,PENDING,PENDING,,,,PENDING
412,FLDEC SYSTEMS PRIVATE LIMITED,FY2023-24,1.5981445,0.3226,1.2755445,Tamil Nadu,PENDING,PENDING,PENDING,PENDING,,,,PENDING
413,VISAKHA PHARMACITY LIMITED,FY2024-25,0.3826104999999999,0.3826104999999999,0.0,Andhra Pradesh,PENDING,PENDING,PENDING,PENDING,,,,PENDING
414,EUREKA FORBES LTD,FY2020-21,2.1332,2.1332,0.0,"Maharashtra, Pan India",PENDING,PENDING,PENDING,PENDING,,,,PENDING
415,L&T VALVES LIMITED,FY2022-23,1.0793955,0.0886,0.9907955,Tamil Nadu,PENDING,PENDING,PENDING,PENDING,,,,PENDING
416,ROTORK CONTROLS (INDIA) PRIVATE LIMITED,FY2024-25,0.349,0.121,0.2279999999999999,"Karnataka, Tamil Nadu",PENDING,PENDING,PENDING,PENDING,,,,PENDING
417,GRAPHITE INDIA LIMITED,FY2024-25,0.469524,0.07,0.399524,"Maharashtra, Pan India, West Bengal",PENDING,PENDING,PENDING,PENDING,,,,PENDING
418,INDO- NATIONAL LIMITED,FY2024-25,0.2636721,0.2325914,0.0310807,"Andhra Pradesh, Tamil Nadu",PENDING,PENDING,PENDING,PENDING,,,,PENDING
419,SUVEN PHARMACEUTICALS LIMITED,FY2022-23,0.6946882999999999,0.6946882999999999,0.0,Telangana,PENDING,PENDING,PENDING,PENDING,,,,PENDING
420,VOLVO GROUP INDIA PRIVATE LIMITED,FY2024-25,0.572001,0.572001,0.0,Karnataka,PENDING,PENDING,PENDING,PENDING,,,,PENDING
421,LOHIA CORP LIMITED,FY2022-23,0.7755796,0.4680556,0.307524,Uttar Pradesh,PENDING,PENDING,PENDING,PENDING,,,,PENDING
422,BORGWARNER MORSE SYSTEMS INDIA PRIVATE LIMITED,FY2024-25,0.5305774,0.1542031999999999,0.3763742,Tamil Nadu,PENDING,PENDING,PENDING,PENDING,,,,PENDING
423,STEEL AUTHORITY OF INDIA LIMITED,FY2023-24,31.21,31.21,0.0,Pan India,PENDING,PENDING,PENDING,PENDING,,,,PENDING
424,INDIA GAS SOLUTIONS PRIVATE LIMITED,FY2024-25,2.91285,2.91285,0.0,Gujarat,PENDING,PENDING,PENDING,PENDING,,,,PENDING
425,MASTEK LIMITED,FY2024-25,0.5990122,0.12,0.4790122,"Haryana, Maharashtra, Tamil Nadu",PENDING,PENDING,PENDING,PENDING,,,,PENDING
426,DECCAN CEMENTS LIMITED,FY2024-25,0.3902962,0.0878232,0.302473,Telangana,PENDING,PENDING,PENDING,PENDING,,,,PENDING
427,GREEN GAS LIMITED,FY2023-24,0.7379877,0.0567876999999999,0.6812,Uttar Pradesh,PENDING,PENDING,PENDING,PENDING,,,,PENDING
428,HOUSING DEVELOPMENT FINANCE CORPORATIONLIMITED,FY2020-21,25.36138,11.73,13.63138,Pan India,PENDING,PENDING,PENDING,PENDING,,,,PENDING
429,JAI GIRIRAJ RICE AND AGRO MILLS PRIVATE LIMITED,FY2023-24,0.41,0.1699999999999999,0.24,Madhya Pradesh,PENDING,PENDING,PENDING,PENDING,,,,PENDING
430,CHENNAI ENVIRO SOLUTIONS PRIVATE LIMITED,FY2024-25,0.381509,0.3020763999999999,0.0794326,"Maharashtra, Tamil Nadu, Telangana, West Bengal",PENDING,PENDING,PENDING,PENDING,,,,PENDING
431,MALLADI DRUGS AND PHARMACEUTICALS LIMITED,FY2023-24,0.7893899999999999,0.74691,0.04248,"Andhra Pradesh, Tamil Nadu",PENDING,PENDING,PENDING,PENDING,,,,PENDING
432,AIA ENGINEERING LIMITED,FY2024-25,0.6,0.45,0.15,Gujarat,PENDING,PENDING,PENDING,PENDING,,,,PENDING
433,FRANKLIN TEMPLETON INTERNATIONAL SERVICES (INDIA )PRIVATE LIMITED,FY2022-23,1.268424,1.268424,0.0,Telangana,PENDING,PENDING,PENDING,PENDING,,,,PENDING
434,MEDICARE ENVIRONMENTAL MANAGEMENT PRIVATE LIMITED,FY2024-25,0.259226,0.2114049,0.0478211,"Karnataka, Punjab, Telangana, Uttar Pradesh, West Bengal",PENDING,PENDING,PENDING,PENDING,,,,PENDING
435,NAVA BHARAT VENTURES LIMITED,FY2020-21,0.8021,0.6903,0.1118,"Andhra Pradesh, Odisha, Telangana",PENDING,PENDING,PENDING,PENDING,,,,PENDING
436,SHRI JAGANNATH STEELS & POWER LIMITED,FY2024-25,0.352875301,0.352875301,0.0,Odisha,PENDING,PENDING,PENDING,PENDING,,,,PENDING
437,MITSUBISHI ELECTRIC INDIA PRIVATE LIMITED,FY2021-22,0.9726,0.9726,0.0,"Delhi, Gujarat, Haryana, Karnataka, Madhya Pradesh, Maharashtra, Punjab, Uttar Pradesh, West Bengal",PENDING,PENDING,PENDING,PENDING,,,,PENDING
438,SAPALA ORGANICS PRIVATE LIMITED,FY2024-25,0.5381182,0.5381182,0.0,Telangana,PENDING,PENDING,PENDING,PENDING,,,,PENDING
439,CHHATTISGARH STATE POWER GENERATION COMPANY LIMITED,FY2021-22,2.6016419,2.1216419,0.48,Chhattisgarh,PENDING,PENDING,PENDING,PENDING,,,,PENDING
440,MEWAR POLYTEX LIMITED,FY2024-25,0.5216593,0.5216593,0.0,Rajasthan,PENDING,PENDING,PENDING,PENDING,,,,PENDING
441,AG VENTURES LIMITED,FY2024-25,0.9585,0.8635,0.095,Haryana,PENDING,PENDING,PENDING,PENDING,,,,PENDING
442,AFABLEZ SEMICONDUCTOR PRIVATE LIMITED,FY2023-24,0.7254878,0.7254878,0.0,Tamil Nadu,PENDING,PENDING,PENDING,PENDING,,,,PENDING
443,PREMSONS MOTOR UDYOG PRIVATE LIMITED,FY2024-25,0.901,0.901,0.0,Jharkhand,PENDING,PENDING,PENDING,PENDING,,,,PENDING
444,BRANDIX APPAREL INDIA PRIVATE LIMITED,FY2024-25,0.6302092,0.0934272,0.536782,Andhra Pradesh,PENDING,PENDING,PENDING,PENDING,,,,PENDING
445,NEKKANTI SEA FOODS LTD.,FY2023-24,0.4540579,0.4302569,0.023801,Andhra Pradesh,PENDING,PENDING,PENDING,PENDING,,,,PENDING
446,POLYONE POLYMERS INDIA PRIVATE LIMITED,FY2022-23,0.4923165,0.2126695,0.279647,Maharashtra,PENDING,PENDING,PENDING,PENDING,,,,PENDING
447,HLL LIFECARE LIMITED,FY2024-25,0.82389398,0.0187134,0.80518058,"Karnataka, Kerala, Tamil Nadu",PENDING,PENDING,PENDING,PENDING,,,,PENDING
448,BOKARO POWER SUPPLY COMPANY PRIVATE LIMITED,FY2024-25,0.348635,0.089673,0.258962,"Jharkhand, Pan India",PENDING,PENDING,PENDING,PENDING,,,,PENDING
449,THE TRAVANCORE COCHIN CHEMICALS LIMITED,FY2023-24,1.5143091,1.5143091,0.0,Kerala,PENDING,PENDING,PENDING,PENDING,,,,PENDING
450,GLENMARK LIFE SCIENCES LIMITED,FY2022-23,3.3770320000000003,3.3770320000000003,0.0,"Gujarat, Maharashtra",PENDING,PENDING,PENDING,PENDING,,,,PENDING
451,KARNATAKA SOAPS AND DETERGENTS LIMITED,FY2019-20,3.3621676,3.2621676,0.1,Karnataka,PENDING,PENDING,PENDING,PENDING,,,,PENDING
452,TD POWER SYSTEMS LIMITED,FY2024-25,1.045,0.13,0.915,Karnataka,PENDING,PENDING,PENDING,PENDING,,,,PENDING
453,AJINOMOTO BIO-PHARMA SERVICES INDIA PRIVATE LIMITED,FY2023-24,0.311067707,0.244900207,0.0661675,Andhra Pradesh,PENDING,PENDING,PENDING,PENDING,,,,PENDING
454,HAFELE INDIA PRIVATE LIMITED,FY2022-23,0.9459668,0.2208368,0.72513,"Maharashtra, Pan India",PENDING,PENDING,PENDING,PENDING,,,,PENDING
455,HINDUSTAN GUM AND CHEMICALS LIMITED,FY2022-23,0.4920065,0.1970065,0.295,"Gujarat, Haryana",PENDING,PENDING,PENDING,PENDING,,,,PENDING
456,SESA MINING CORPORATION LIMITED,FY2023-24,0.2915440969999999,0.2815440969999999,0.01,"Andhra Pradesh, Goa",PENDING,PENDING,PENDING,PENDING,,,,PENDING
457,TITAN COMPANY LIMITED,FY2019-20,3.92,1.46,2.46,"Tamil Nadu, Uttarakhand",PENDING,PENDING,PENDING,PENDING,,,,PENDING
458,IFFCO-MC CROP SCIENCE PRIVATE LIMITED,FY2024-25,0.4914501,0.4914501,0.0,Uttar Pradesh,PENDING,PENDING,PENDING,PENDING,,,,PENDING
459,K B SAHA & SONS INDUSTRIES PRIVATE LIMITED,FY2024-25,0.4908744,0.4908744,0.0,West Bengal,PENDING,PENDING,PENDING,PENDING,,,,PENDING
460,CESC LTD,FY2021-22,1.9414163,1.9414163,0.0,West Bengal,PENDING,PENDING,PENDING,PENDING,,,,PENDING
461,KARNATAKA RURAL INFRASTRUCTURE DEVELOPMENT LIMITED,FY2023-24,1.9,0.15,1.75,Karnataka,PENDING,PENDING,PENDING,PENDING,,,,PENDING
462,METSIL EXPORTS . LTD.,FY2024-25,0.8139993999999999,0.8139993999999999,0.0,West Bengal,PENDING,PENDING,PENDING,PENDING,,,,PENDING
463,AMERICAN EXPRESS(INDIA) PRIVATE LIMITED,FY2024-25,1.900375,1.900375,0.0,Karnataka,PENDING,PENDING,PENDING,PENDING,,,,PENDING
464,APL METALS LIMITED,FY2023-24,0.4295,0.3725,0.057,"Pan India, West Bengal",PENDING,PENDING,PENDING,PENDING,,,,PENDING
465,BMW INDIA LEASING PRIVATE LIMITED,FY2020-21,1.27379041,1.27379041,0.0,"Delhi, Haryana",PENDING,PENDING,PENDING,PENDING,,,,PENDING
466,D. S. KNIT INDUSTRY PRIVATE LIMITED,FY2024-25,0.7314992,0.0163975,0.7151017000000001,"Pan India, West Bengal",PENDING,PENDING,PENDING,PENDING,,,,PENDING
467,TAMILNADU PETROPRODUCTS LIMITED,FY2022-23,0.948,0.0591,0.8889,Tamil Nadu,PENDING,PENDING,PENDING,PENDING,,,,PENDING
468,XEBIA IT ARCHITECTS INDIA PRIVATE LIMITED,FY2023-24,1.2280128,1.2280128,0.0,"Haryana, Maharashtra",PENDING,PENDING,PENDING,PENDING,,,,PENDING
469,SANOFI CONSUMER HEALTHCARE INDIA LIMITED,FY2023-24,4.2025,4.2025,0.0,Maharashtra,PENDING,PENDING,PENDING,PENDING,,,,PENDING
470,EASTMAN AUTO & POWER LIMITED,FY2024-25,0.2183706,0.2183706,0.0,"Himachal Pradesh, Pan India",PENDING,PENDING,PENDING,PENDING,,,,PENDING
471,NABFINS LIMITED,FY2023-24,1.17279,0.0196,1.15319,"Chhattisgarh, Karnataka, Kerala, Maharashtra, Odisha, Tamil Nadu",PENDING,PENDING,PENDING,PENDING,,,,PENDING
472,ARCELORMITTAL NIPPON STEEL INDIA PRIVATE LIMITED,FY2024-25,1.6676815,1.6676815,0.0,"Chhattisgarh, Haryana, Odisha",PENDING,PENDING,PENDING,PENDING,,,,PENDING
473,KUTCH RAILWAY COMPANY LIMITED,FY2023-24,0.69484,0.038,0.65684,"Gujarat, Punjab",PENDING,PENDING,PENDING,PENDING,,,,PENDING
474,TANJORE POWER PRIVATE LIMITED,FY2024-25,0.4508797,0.4508797,0.0,Andhra Pradesh,PENDING,PENDING,PENDING,PENDING,,,,PENDING
475,OM JEWELLERS PRIVATE LIMITED,FY2024-25,0.5590341,0.2500841,0.30895,Maharashtra,PENDING,PENDING,PENDING,PENDING,,,,PENDING
476,AROHAN FINANCIAL SERVICES LIMITED,FY2020-21,1.30749,0.7521283,0.5553617,"Jharkhand, Pan India, West Bengal",PENDING,PENDING,PENDING,PENDING,,,,PENDING
477,DDP SPECIALITY PRODUCTS INDIA PRIVATE LIMITED,FY2024-25,0.313602354,0.250001519,0.063600835,"Maharashtra, Tamil Nadu, Telangana",PENDING,PENDING,PENDING,PENDING,,,,PENDING
478,ATRIA CONVERGENCE TECHNOLOGIES LIMITED,FY2020-21,0.7090000000000001,0.384,0.325,"Karnataka, Pan India",PENDING,PENDING,PENDING,PENDING,,,,PENDING
479,MEGHA ENGINEERING & INFRASTRUCTURES LIMITED,FY2021-22,2.657,0.5,2.157,"Rajasthan, Telangana",PENDING,PENDING,PENDING,PENDING,,,,PENDING
480,TATA AUTOCOMP HENDRICKSON SUSPENSIONS PRIVATE LIMITED,FY2024-25,0.447,0.447,0.0,Maharashtra,PENDING,PENDING,PENDING,PENDING,,,,PENDING
481,L&T TECHNOLOGY SERVICES LIMITED,FY2023-24,1.16,1.0,0.16,"Karnataka, Pan India",PENDING,PENDING,PENDING,PENDING,,,,PENDING
482,TOYO ENGINEERING INDIA PRIVATE LIMITED,FY2023-24,0.5423526000000001,0.17,0.3723526,"Maharashtra, Rajasthan, Uttar Pradesh",PENDING,PENDING,PENDING,PENDING,,,,PENDING
483,HINDUJA RENEWABLES ENERGY PRIVATE LIMITED,FY2024-25,0.2989,0.2989,0.0,"Maharashtra, Pan India, Rajasthan, Tamil Nadu",PENDING,PENDING,PENDING,PENDING,,,,PENDING
484,BAYER SCIENCE AND INNOVATION PRIVATE LIMITED,FY2024-25,1.4465,1.4465,0.0,Karnataka,PENDING,PENDING,PENDING,PENDING,,,,PENDING
485,GLOBAL COAL AND MINING PRIVATE LIMITED,FY2023-24,0.3926445,0.3344258,0.0582187,Odisha,PENDING,PENDING,PENDING,PENDING,,,,PENDING
486,MS SOLVEX PRIVATE LIMITED,FY2024-25,0.43472268,0.43472268,0.0,Madhya Pradesh,PENDING,PENDING,PENDING,PENDING,,,,PENDING
487,THE TATA POWER COMPANY LIMITED,FY2019-20,2.09,1.74,0.35,Maharashtra,PENDING,PENDING,PENDING,PENDING,,,,PENDING
488,RAMKY INFRASTRUCTURE LIMITED,FY2023-24,0.6819999999999999,0.382,0.3,"Andhra Pradesh, Pan India",PENDING,PENDING,PENDING,PENDING,,,,PENDING
489,REGENCY NIRMAN LIMITED,FY2024-25,0.2075,0.2075,0.0,Maharashtra,PENDING,PENDING,PENDING,PENDING,,,,PENDING
490,GE INDIA INDUSTRIAL PRIVATE LIMITED,FY2023-24,1.05,1.05,0.0,"Andhra Pradesh, Karnataka",PENDING,PENDING,PENDING,PENDING,,,,PENDING
491,GROB MACHINE TOOLS (INDIA) PRIVATE LIMITED,FY2024-25,0.4262298,0.4262298,0.0,Andhra Pradesh,PENDING,PENDING,PENDING,PENDING,,,,PENDING
492,Housing Development Finance Corporation Limited,FY2016-17,36.43,23.82,12.61,Pan India,PENDING,PENDING,PENDING,PENDING,,,,PENDING
493,WESTBURY HOSPITALITY PRIVATE LIMITED,FY2024-25,0.6836967569999999,0.6836967569999999,0.0,Maharashtra,PENDING,PENDING,PENDING,PENDING,,,,PENDING
494,WOCKHARDT LIMITED,FY2018-19,5.609999999999999,0.27,5.34,"Maharashtra, Pan India, Tamil Nadu",PENDING,PENDING,PENDING,PENDING,,,,PENDING
495,SAINT-GOBAIN INDIA PRIVATE LIMITED,FY2021-22,5.862,5.862,0.0,"Andhra Pradesh, Rajasthan",PENDING,PENDING,PENDING,PENDING,,,,PENDING
496,Central Coalfields Limited,FY2016-17,45.23,9.97,35.26,"Jharkhand, Pan India",PENDING,PENDING,PENDING,PENDING,,,,PENDING
497,CLEAN MAX ENVIRO ENERGY SOLUTIONS LIMITED,FY2024-25,1.3174972,1.3174972,0.0,"Gujarat, Maharashtra",PENDING,PENDING,PENDING,PENDING,,,,PENDING
498,AUTOGEN INDIA PRIVATE LIMITED,FY2024-25,0.67406,0.67406,0.0,Maharashtra,PENDING,PENDING,PENDING,PENDING,,,,PENDING
499,L&T GEOSTRUCTURE PRIVATE LIMITED,FY2024-25,0.4542973,0.3214057,0.1328916,"Assam, Gujarat, Tamil Nadu",PENDING,PENDING,PENDING,PENDING,,,,PENDING
500,INDUS COFFEE PRIVATE LIMITED,FY2024-25,0.6579881999999999,0.6579881999999999,0.0,Andhra Pradesh,PENDING,PENDING,PENDING,PENDING,,,,PENDING
